Circle,City Name A,Tier1,City Name B,Tier2,Location A M6,Location B M6,Link wise Peak Traffic(Gbps),Link wise 95% Traffic(Gbps)
PB,ANANDPURSAHIB,T3,Ludhiana,T2,ADP/ASB/001,LDN/FPA/013,59,54
PB,ANANDPURSAHIB,T3,Mohali,T2,ADP/ASB/001,MOH/C25/001,57,54
BHJH,AURANGABAD-BHJH,T3,Patna,T2,AGB/NBS/007,PTN/PIA/081,254,241
BHJH,AURANGABAD-BHJH,T3,Ranchi,T2,AGB/NBS/007,RCH/NHB/040 ,77,72
MH,AURANGABAD-MH,T3,NANDEDT2,T2,AGD/CID/001,NND/HTN/002,66,63
MH,AURANGABAD-MH,T3,Pune Epark,T2,AGD/CID/001,PUN/EPK/059,307,290
JK,ANANTNAG,T3,Jammu,T2,AGN/LDA/021,JMU/PRA/001,66,60
JK,ANANTNAG,T3,SRINAGAR,T2,AGN/LDA/021,SIG/MAR/001,47,42
NESA,Agartala,T3,Guwahati,T2,AGT/DWR/004,GHT/GSR/001,190,180
NESA,Agartala,T3,Jorhat,T2,AGT/DWR/004,JHT/MBJ/013,66,62
HPHP,AMBALAGALU,T3,Mohali,T2,AGU/SAR/001,MOH/C25/001,35,32
HPHP,AMBALAGALU,T3,Shimla,T2,AGU/SAR/001,SIM/PAN/004,44,41
RAJ,Ajmer,T3,Jaipur,T2,AJM/SUN/001,JPR/VIA/049,160,144
RAJ,Ajmer,T3,Jodhpur,T2,AJM/SUN/001,JOD/BIA/007,133,123
UPW,Aligarh,T3,AGRA,T2,ALG/LML/003,AGR/DCY/019,73,68
UPW,Aligarh,T3,Meerut,T2,ALG/LML/003,MRT/GNG/010,143,130
UPW,ALMORA2,T3,Meerut,T2,ALM/JLR/001,MRT/GNG/010,57,53
UPW,ALMORA2,T3,Moradabad,T2,ALM/JLR/001,MBD/MHD/042,27,26
KL,ALAPPUZHA,T3,Calicut,T2,ALP/MUL/001,CLT/NEC/013,182,171
KL,ALAPPUZHA,T3,Cochin,T2,ALP/MUL/001,ENK/SAR/001,31,29
RAJ,Alwar,T3,Jaipur,T2,ALW/MOT/001,JPR/VIA/049,177,159
RAJ,Alwar,T3,Udaipur,T2,ALW/MOT/001,UPR/MIA/015,129,119
GUJ,Amreli,T3,Ahmedabad(Changodhar),T2,AMR/GNR/001,CGR/RDM/001,41,37
GUJ,Amreli,T3,Rajkot,T2,AMR/GNR/001,RKT/NRT/030,53,51
AP,ANANTAPUR,T3,Adoni,T2,ANP/KAM/001,ADI/MRD/004,20,19
AP,ANANTAPUR,T3,Prodattur,T2,ANP/KAM/001,PDR/PDR/004,48,46
MH,Ahmednagar,T3,Pune Epark,T2,ANR/NNC/023,PUN/EPK/059,255,236
MH,Ahmednagar,T3,NANDEDT2,T2,ANR/NNC/023,NND/HTN/002,50,46
MPCG,AMBIKAPUR-,T3,Jabalpur,T2,APR/RMG/001,JBL/VIJ/001,15,15
MPCG,AMBIKAPUR-,T3,Raipur,T2,APR/RMG/001,RAI/TBD/001,29,26
PB,AMRITSAR,T3,Jalandhar,T2,ART/ALB/001,JLD/FCP/010,92,84
PB,AMRITSAR,T3,Ludhiana,T2,ART/ALB/001,LDN/FPA/013,267,247
MH,Amravati,T3,Nagpur,T2,ATI/WAD/002,NGP/CSQ/130,169,156
MH,Amravati,T3,NANDEDT2,T2,ATI/WAD/002,NND/HTN/002,85,81
TN,Attur,T3,Pollachi,T2,ATU/NAR/001,PLC/RIP/004,92,85
TN,Attur,T3,Salem,T2,ATU/NAR/001,SLM/SIV/006,26,25
TN,Attur,T3,TRICHY,T2,ATU/NAR/001,TCY/BRD/001,64,60
UPE,Azamgarh,T3,Varanasi,T2,AZM/CIV/001,BRS/TVS/026,94,92
UPE,Azamgarh,T3,Gorakhpur,T2,AZM/CIV/001,GKP/OTN/003,125,117
NESA,Aizwal,T3,Guwahati,T2,AZW/YKB/001,GHT/GSR/001,171,162
NESA,Aizwal,T3,Jorhat,T2,AZW/YKB/001,JHT/MBJ/013,98,55
UPE,BADAGAON,T3,Varanasi,T2,BAO/PNY/001,BRS/TVS/026,26,25
UPE,BADAGAON,T3,Gangaganj,T2,BAO/PNY/001,GNJ/MDF/001 ,45,42
UPE,BADAGAON,T3,Lucknow,T2,BAO/PNY/001,LCK/VKH/028,19,17
NESA,Babejia,T3,Guwahati,T2,BBJ/KKY/001,GHT/GSR/001,88,84
NESA,Babejia,T3,Jorhat,T2,BBJ/KKY/001,JHT/MBJ/013,52,49
GUJ,Bharuch,T3,Ahmedabad(Changodhar),T2,BCH/KAT/001,CGR/RDM/001,155,144
GUJ,Bharuch,T3,Surat,T2,BCH/KAT/001,SUR/UNR/901,66,60
HPHP,Baddi,T3,Mohali,T2,BDD/MJM/001,MOH/C25/001,71,66
HPHP,Baddi,T3,Shimla,T2,BDD/MJM/001,SIM/PAN/004,34,32
WB,BURDMAN,T3,Asansol,T2,BDN/SOM/004,ASL/UGM/007,123,116
WB,BURDMAN,T3,Behrampur-WB,T2,BDN/SOM/004,BMP/NMT/010,79,75
KK,BIDAR,T3,Bangalore WFD,T1,BDX/HYR/001,BGL/WFD/049,88,84
KK,BIDAR,T3,Hubli,T2,BDX/HYR/001,HBL/DJB/001,15,14
UPW,BUDAYUN,T3,AGRA,T2,BDY/PQS/001,AGR/DCY/019,10,9
UPW,BUDAYUN,T3,Moradabad,T2,BDY/PQS/001,MBD/MHD/042,112,104
ORR,BORIGUMA,T3,Bhuvaneswar,T2,BGM/SMN/001,BWR/CIE/058,90,81
ORR,BORIGUMA,T3,Sambalpur,T2,BGM/SMN/001,SAM/ATP/005,33,31
NESA,BONGAIGAON,T3,Jorhat,T2,BGO/DLG/003,JHT/MBJ/013,75,70
NESA,BONGAIGAON,T3,Guwahati,T2,BGO/DLG/003,GHT/GSR/001,272,255
BHJH,BEGUSARAI,T3,Patna,T2,BGR/MIR/003,PTN/PIA/081,140,134
BHJH,BEGUSARAI,T3,Bhagalpur,T2,BGR/MIR/003,BHA/NHN/013,122,116
KK,BAGALKOT-,T3,Hubli,T2,BGT/NAV/002,HBL/DJB/001,38,36
KK,BAGALKOT-,T3,Mangalore,T2,BGT/NAV/002,MRG/BIA/013,29,27
UPE,Behraich,T3,Gangaganj,T2,BHR/KDC/001,GNJ/MDF/001 ,104,97
UPE,Behraich,T3,Gorakhpur,T2,BHR/KDC/001,GKP/OTN/003,24,23
UPE,Behraich,T3,Lucknow,T2,BHR/KDC/001,LCK/VKH/028,97,92
KK,BIJAPUR,T3,Hubli,T2,BJP/SMR/001,HBL/DJB/001,67,62
UPW,Bijnaur,T3,Meerut,T2,BJR/BRW/001,MRT/GNG/010,56,51
UPW,Bijnaur,T3,Moradabad,T2,BJR/BRW/001,MBD/MHD/042,86,74
RAJ,Bikaner,T3,Jaipur,T2,BKN/CIV/003,JPR/VIA/049,101,92
RAJ,Bikaner,T3,Jodhpur,T2,BKN/CIV/003,JOD/BIA/007,89,83
BHJH,Bokaro,T3,Ranchi,T2,BKO/GOL/001,RCH/NHB/040 ,106,101
BHJH,Bokaro,T3,Bhagalpur,T2,BKO/GOL/001,BHA/NHN/013,86,80
WB,BANKURA,T3,Asansol,T2,BKU/MAC/001,ASL/UGM/007,44,42
WB,BANKURA,T3,Kharagpur (NEW),T1,BKU/MAC/001,KHP/JKP/023,80,77
KK,Bellary,T3,Bangalore Hosur Road,T1,BLL/SNY/012,BGL/LSU/901,65,60
KK,Bellary,T3,Bangalore YMCA,T1,BLL/SNY/012,BGL/YMC/001,18,16
KK,Bellary,T3,Hubli,T2,BLL/SNY/012,HBL/DJB/001,15,14
KK,Belgaum,T3,Hubli,T2,BLM/FOR/001,HBL/DJB/001,66,42
KK,Belgaum,T3,Mangalore,T2,BLM/FOR/001,MRG/BIA/013,246,230
UPE,BANDA,T3,Gangaganj,T2,BNA/BHW/001,GNJ/MDF/001 ,63,60
ORR,BOLANGIR,T3,Bhuvaneswar,T2,BOR/SGP/001,BWR/CIE/058,72,66
ORR,BOLANGIR,T3,Sambalpur,T2,BOR/SGP/001,SAM/ATP/005,38,35
ORR,BARIPADA,T3,Bhuvaneswar,T2,BPD/BDO/002,BWR/CIE/058,30,29
ORR,BARIPADA,T3,Sambalpur,T2,BPD/BDO/002,SAM/ATP/005,0,0
MPCG,BILASPUR,T3,Jabalpur,T2,BPR/TEL/001,JBL/VIJ/001,140,133
MPCG,BILASPUR,T3,Raipur,T2,BPR/TEL/001,RAI/TBD/001,92,87
MPCG,BIORA,T3,Bhopal(GP),T1,BRA/NIB/003,BPL/GPR/017,46,43
MPCG,BIORA,T3,Jabalpur,T2,BRA/NIB/003,JBL/VIJ/001,47,44
JK,Sapore,T3,Jammu,T2,BRF/SPR/017,JMU/PRA/001,17,15
JK,Sapore,T3,SRINAGAR,T2,BRF/SPR/017,SIG/MAR/001,113,105
BHJH,BARHI,T3,Patna,T2,BRJ/GRD/001,PTN/PIA/081,50,46
BHJH,BARHI,T3,Ranchi,T2,BRJ/GRD/001,RCH/NHB/040 ,76,71
ORR,Behrampur-ORR,T3,Bhuvaneswar,T2,BRR/BIG/001,BWR/CIE/058,144,133
ORR,Behrampur-ORR,T3,Sambalpur,T2,BRR/BIG/001,SAM/ATP/005,7,6
UPW,Bareilly,T3,AGRA,T2,BRY/CIV/001,AGR/DCY/019,33,29
UPW,Bareilly,T3,Moradabad,T2,BRY/CIV/001,MBD/MHD/042,207,192
ORR,Balasore,T3,Bhuvaneswar,T2,BSO/DAD/003,BWR/CIE/058,59,57
ORR,Balasore,T3,Sambalpur,T2,BSO/DAD/003,SAM/ATP/005,25,24
RAJ,BANSWARA,T3,Jaipur,T2,BSW/KUS/001,JPR/VIA/049,84,78
RAJ,BANSWARA,T3,Udaipur,T2,BSW/KUS/001,UPR/MIA/015,73,66
PB,Bhatinda,T3,Ludhiana,T2,BTD/GUN/001,LDN/FPA/013,113,107
PB,Bhatinda,T3,Mohali,T2,BTD/GUN/001,MOH/C25/001,192,172
RAJ,Bharatpur,T3,Jaipur,T2,BTP/SAR/003,JPR/VIA/049,114,106
RAJ,Bharatpur,T3,Udaipur,T2,BTP/SAR/003,UPR/MIA/015,95,86
WB,BUNIYADPUR,T3,Behrampur-WB,T2,BUN/PSB/001,BMP/NMT/010,82,69
WB,BUNIYADPUR,T3,Siliguri,T2,BUN/PSB/001,SIL/NJB/037,66,57
UPW,Bulandshahar,T3,AGRA,T2,BUS/HSH/001,AGR/DCY/019,66,62
UPW,Bulandshahar,T3,Meerut,T2,BUS/HSH/001,MRT/GNG/010,80,75
GUJ,Bhavnagar,T3,Ahmedabad(Changodhar),T2,BVG/DNG/014,CGR/RDM/001,69,64
GUJ,Bhavnagar,T3,Rajkot,T2,BVG/DNG/014,RKT/NRT/030,100,92
RAJ,Bhilwara,T3,Jaipur,T2,BWA/HAR/001,JPR/VIA/049,34,31
RAJ,Bhilwara,T3,Udaipur,T2,BWA/HAR/001,UPR/MIA/015,134,123
ORR,BHAWANIPATNA,T3,Bhuvaneswar,T2,BWP/RKT/011,BWR/CIE/058,26,24
ORR,BHAWANIPATNA,T3,Sambalpur,T2,BWP/RKT/011,SAM/ATP/005,25,22
TN,Coimbatore,T3,Pollachi,T2,CBT/ARD/001,PLC/RIP/004,624,590
TN,Coimbatore,T3,Salem,T2,CBT/ARD/001,SLM/SIV/006,125,118
HAR,CHARKHIDADRI,T3,Hisar,T2,CDD/NHB/001,HIS/SNG/001,19,17
HAR,CHARKHIDADRI,T3,Manesar,T1,CDD/NHB/001,MAS/OMU/002,135,127
TN,Cuddalore,T3,Salem,T2,CDL/NMR/003,SLM/SIV/006,23,22
TN,Cuddalore,T3,Chennai Serisuri,T1,CDL/NMR/003,CHN/SSE/036,39,36
TN,Cuddalore,T3,Chennai Serisuri-2,T1,CDL/NMR/003,CHN/SE2/068,50,48
UPW,Chandausi,T3,Meerut,T2,CDS/MGR/001,MRT/GNG/010,53,49
UPW,Chandausi,T3,Moradabad,T2,CDS/MGR/001,MBD/MHD/042,93,86
MH,CHANDRAPUR,T3,Nagpur,T2,CHA/SMR/003,NGP/CSQ/130,39,38
MH,CHANDRAPUR,T3,Nagpur,T2,CHA/SMR/003,NGP/CSQ/130,13,12
MH,CHANDRAPUR,T3,Nagpur,T2,CHA/SMR/003,NGP/CSQ/130,61,58
MH,CHANDRAPUR,T3,NANDEDT2,T2,CHA/SMR/003,NND/HTN/002,11,10
TN,CHIDAMBARAM,T3,Salem,T2,CHM/AMH/001,SLM/SIV/006,20,18
TN,CHIDAMBARAM,T3,TRICHY,T2,CHM/AMH/001,TCY/BRD/001,134,123
WB,COOCHBIHAR,T3,Behrampur-WB,T2,COO/MCH/003,BMP/NMT/010,48,42
WB,COOCHBIHAR,T3,Siliguri,T2,COO/MCH/003,SIL/NJB/037,152,142
MPCG,Chhatarpur,T3,Bhopal(GP),T1,CPU/PRD/001,BPL/GPR/017,65,62
MPCG,Chhatarpur,T3,SATNA,T2,CPU/PRD/001,STN/JNR/008,42,37
KK,CHITRADURGA,T3,Hubli,T2,CTD/AIH/005,HBL/DJB/001,13,12
KK,CHITRADURGA,T3,Mangalore,T2,CTD/AIH/005,MRG/BIA/013,107,101
ORR,Cuttak,T3,Bhuvaneswar,T2,CTK/NLB/006,BWR/CIE/058,157,149
ORR,Cuttak,T3,Sambalpur,T2,CTK/NLB/006,SAM/ATP/005,18,18
WB,DALKHOLA,T3,Behrampur-WB,T2,DAL/PSK/001,BMP/NMT/010,39,30
WB,DALKHOLA,T3,Siliguri,T2,DAL/PSK/001,SIL/NJB/037,61,58
JK,BATOTE,T3,Jammu,T2,DDD/NMM/003,JMU/PRA/001,53,51
JK,BATOTE,T3,SRINAGAR,T2,DDD/NMM/003,SIG/MAR/001,20,19
TN,Dindigul,T3,Madurai,T2,DDL/PNS/001,MAD/DSP/001,39,37
TN,Dindigul,T3,TRICHY,T2,DDL/PNS/001,TCY/BRD/001,50,47
MH,Dhule,T3,NANDEDT2,T2,DHU/MCR/001,NND/HTN/002,55,51
MH,Dhule,T3,Pune Epark,T2,DHU/MCR/001,PUN/EPK/059,258,247
RAJ,DEOLI,T3,Jaipur,T2,DLI/KCN/001,JPR/VIA/049,37,34
RAJ,DEOLI,T3,Udaipur,T2,DLI/KCN/001,UPR/MIA/015,25,23
BHJH,DALTONGAN,T3,Patna,T2,DLT/RMA/003,PTN/PIA/081,84,79
BHJH,DALTONGAN,T3,Ranchi,T2,DLT/RMA/003,RCH/NHB/040 ,34,31
HPHP,Dharamshala,T3,Mohali,T2,DMA/KGD/007,MOH/C25/001,62,56
HPHP,Dharamshala,T3,Shimla,T2,DMA/KGD/007,SIM/PAN/004,15,14
BHJH,Dumka,T3,Ranchi,T2,DMK/RSP/001,RCH/NHB/040 ,34,32
BHJH,Dumka,T3,Bhagalpur,T2,DMK/RSP/001,BHA/NHN/013,100,94
UPW,Dehradun(Old),T3,AGRA,T2,DND/NTN/001,AGR/DCY/019,0,0
UPW,Dehradun(Old),T3,Meerut,T2,DND/NTN/001,MRT/GNG/010,0,0
UPW,DEHRADHUN,T3,Moradabad,T2,DND/PCT/016,MBD/MHD/042,216,204
UPW,DEHRADHUN,T3,Meerut,T2,DND/PCT/016,MRT/GNG/010,237,223
WB,Durgapur,T3,Asansol,T2,DPR/SPR/006,ASL/UGM/007,76,71
WB,Durgapur,T3,Behrampur-WB,T2,DPR/SPR/006,BMP/NMT/010,36,34
NESA,Dimapur,T3,Guwahati,T2,DPU/BCP/001,GHT/GSR/001,70,65
NESA,Dimapur,T3,Jorhat,T2,DPU/BCP/001,JHT/MBJ/013,53,49
GUJ,DHORAJI,T3,Ahmedabad(Changodhar),T2,DRJ/BDH/001,CGR/RDM/001,86,79
GUJ,DHORAJI,T3,Rajkot,T2,DRJ/BDH/001,RKT/NRT/030,61,55
TN,Dharmapuri,T3,Pollachi,T2,DRM/PEN/001,PLC/RIP/004,114,106
TN,Dharmapuri,T3,Salem,T2,DRM/PEN/001,SLM/SIV/006,47,43
KK,Davangere,T3,Hubli,T2,DVG/MCB/001,HBL/DJB/001,50,47
KK,Davangere,T3,Mangalore,T2,DVG/MCB/001,MRG/BIA/013,172,132
MPCG,Dewas,T3,Bhopal(GP),T1,DWS/ABR/002,BPL/GPR/017,81,78
MPCG,Dewas,T3,Jabalpur,T2,DWS/ABR/002,JBL/VIJ/001,91,85
MH,Edlabad,T3,Nagpur,T2,EBD/BHA/001,NGP/CSQ/130,135,127
MH,Edlabad,T3,NANDEDT2,T2,EBD/BHA/001,NND/HTN/002,120,113
TN,Erode,T3,Pollachi,T2,ERD/SKC/009,PLC/RIP/004,150,141
TN,Erode,T3,Salem,T2,ERD/SKC/009,SLM/SIV/006,46,43
UPW,Etah,T3,AGRA,T2,ETA/BAB/008,AGR/DCY/019,39,36
UPW,Etah,T3,Meerut,T2,ETA/BAB/008,MRT/GNG/010,110,102
UPW,Etawah,T3,AGRA,T2,ETW/FRI/001,AGR/DCY/019,114,98
UPW,Etawah,T3,Meerut,T2,ETW/FRI/001,MRT/GNG/010,165,155
BHJH,FORBESGANJ,T3,Bhagalpur,T2,FBG/ZME/001,BHA/NHN/013,101,93
BHJH,FORBESGANJ,T3,Patna,T2,FBG/ZME/001,PTN/PIA/081,248,230
HAR,Fatehabad,T3,Hisar,T2,FHD/SIR/001,HIS/SNG/001,13,13
HAR,Fatehabad,T3,Mohali,T2,FHD/SIR/001,MOH/C25/001,65,62
PB,FEROZPUR,T3,Jalandhar,T2,FRP/AAL/005,JLD/FCP/010,35,31
PB,FEROZPUR,T3,Ludhiana,T2,FRP/AAL/005,LDN/FPA/013,42,39
UPE,Fatehpur,T3,Gangaganj,T2,FTH/SRN/001,GNJ/MDF/001 ,78,73
UPE,Fatehpur,T3,Lucknow,T2,FTH/SRN/001,LCK/VKH/028,19,16
UPE,Fatehpur,T3,Varanasi,T2,FTH/SRN/001,BRS/TVS/026,41,38
UPE,Faizabad,T3,Gangaganj,T2,FZB/CIV/003,GNJ/MDF/001 ,164,154
UPE,Faizabad,T3,Gorakhpur,T2,FZB/CIV/003,GKP/OTN/003,35,33
UPE,Faizabad,T3,Lucknow,T2,FZB/CIV/003,LCK/VKH/028,115,110
UPW,Gajraula,T3,Meerut,T2,GAJ/BAS/001,MRT/GNG/010,28,27
UPW,Gajraula,T3,Moradabad,T2,GAJ/BAS/001,MBD/MHD/042,35,33
GUJ,Gamdi,T3,Ahmedabad(Changodhar),T2,GAM/RCS/001,CGR/RDM/001,80,77
GUJ,Gamdi,T3,Surat,T2,GAM/RCS/001,SUR/UNR/901,21,18
KK,GADAG,T3,Hubli,T2,GDG/KCR/001,HBL/DJB/001,34,32
KK,GADAG,T3,Mangalore,T2,GDG/KCR/001,MRG/BIA/013,34,31
GUJ,Godhra,T3,Surat,T2,GDH/PPR/001,SUR/UNR/901,6,6
GUJ,Godhra,T3,Ahmedabad(Changodhar),T2,GDH/PPR/001,CGR/RDM/001,88,81
KK,Gulbarga,T3,Hubli,T2,GGA/SBT/003,HBL/DJB/001,65,59
MPCG,GUNA,T3,SATNA,T2,GNA/JTR/002,STN/JNR/008,20,19
MPCG,GUNA,T3,Bhopal(GP),T1,GNA/JTR/002,BPL/GPR/017,87,78
UPE,Gonda,T3,Gangaganj,T2,GON/MKT/001,GNJ/MDF/001 ,119,115
UPE,Gonda,T3,Gorakhpur,T2,GON/MKT/001,GKP/OTN/003,48,45
UPE,Gonda,T3,Lucknow,T2,GON/MKT/001,LCK/VKH/028,0,0
RAJ,GANGAPUR,T3,Jaipur,T2,GPC/SDR/001,JPR/VIA/049,43,39
RAJ,GANGAPUR,T3,Udaipur,T2,GPC/SDR/001,UPR/MIA/015,47,44
BHJH,Gopalganj,T3,Bhagalpur,T2,GPJ/NTL/001,BHA/NHN/013,50,46
BHJH,Gopalganj,T3,Patna,T2,GPJ/NTL/001,PTN/PIA/081,696,623
PB,Gurdaspur,T3,Jalandhar,T2,GRD/HAC/001,JLD/FCP/010,55,50
PB,Gurdaspur,T3,Ludhiana,T2,GRD/HAC/001,LDN/FPA/013,98,88
TN,GUDALORE,T3,Calicut,T2,GUO/MMR/001,CLT/NEC/013,10,9
TN,GUDALORE,T3,Pollachi,T2,GUO/MMR/001,PLC/RIP/004,26,24
MPCG,Gwalior,T3,SATNA,T2,GWR/CIC/002,STN/JNR/008,70,65
MPCG,Gwalior,T3,AGRA,T2,GWR/CIC/002,AGR/DCY/019,0,0
MPCG,Gwalior,T3,Bhopal(GP),T1,GWR/CIC/002,BPL/GPR/017,338,317
BHJH,GAYA,T3,Patna,T2,GYA/CLG/001,PTN/PIA/081,194,184
BHJH,GAYA,T3,Ranchi,T2,GYA/CLG/001,RCH/NHB/040 ,85,79
WB,HABRA,T3,Asansol,T2,HAB/SUR/001,ASL/UGM/007,91,86
WB,HABRA,T3,Behrampur-WB,T2,HAB/SUR/001,BMP/NMT/010,58,53
AP,HINDUPUR,T3,Adoni,T2,HDR/PKR/001,ADI/MRD/004,12,11
AP,HINDUPUR,T3,Prodattur,T2,HDR/PKR/001,PDR/PDR/004,20,19
WB,HELENCHA,T3,Asansol,T2,HEL/BER/001,ASL/UGM/007,67,66
WB,HELENCHA,T3,Behrampur-WB,T2,HEL/BER/001,BMP/NMT/010,55,52
HPHP,HAMIRPUR,T3,Mohali,T2,HMP/LIC/002,MOH/C25/001,29,26
HPHP,HAMIRPUR,T3,Shimla,T2,HMP/LIC/002,SIM/PAN/004,54,49
GUJ,HIMMATNAGAR,T3,Ahmedabad(Changodhar),T2,HMR/IRD/001,CGR/RDM/001,86,79
GUJ,HIMMATNAGAR,T3,Surat,T2,HMR/IRD/001,SUR/UNR/901,32,29
TN,HOSUR,T3,Salem,T2,HOS/ABR/004,SLM/SIV/006,57,51
TN,HOSUR,T3,Pollachi,T2,HOS/ABR/004,PLC/RIP/004,68,61
PB,Hoshiarpur,T3,Jalandhar,T2,HSH/JRD/001,JLD/FCP/010,17,16
PB,Hoshiarpur,T3,Mohali,T2,HSH/JRD/001,MOH/C25/001,35,33
HAR,HANSI,T3,Ambala,T2,HSI/BRD/001,AMB/SHA/001,28,26
HAR,HANSI,T3,Hisar,T2,HSI/BRD/001,HIS/SNG/001,20,19
KK,HASSAN,T3,Mangalore,T2,HSN/HEM/001,MRG/BIA/013,74,68
KK,HASSAN,T3,Mangalore,T2,HSN/HEM/001,MRG/BIA/013,37,34
KK,HASSAN,T3,Bangalore WFD,T1,HSN/HEM/001,BGL/WFD/049,110,102
KK,Hospet,T3,Hubli,T2,HSP/BAS/003,HBL/DJB/001,70,64
KK,Hospet,T3,Mangalore,T2,HSP/BAS/003,MRG/BIA/013,96,89
MH,HATHKHAMBA,T3,Kolhapur,T2,HTK/HTV/001,KPR/NGC/012,28,26
MH,HATHKHAMBA,T3,Pune Epark,T2,HTK/HTV/001,PUN/EPK/059,69,65
UPW,Haridwar,T3,Meerut,T2,HWR/BOP/001,MRT/GNG/010,106,100
UPW,Haridwar,T3,Moradabad,T2,HWR/BOP/001,MBD/MHD/042,123,113
NESA,Itanagar,T3,Guwahati,T2,IAR/GMT/001,GHT/GSR/001,139,130
NESA,Itanagar,T3,Guwahati,T2,IAR/GMT/001,GHT/GSR/001,0,0
NESA,Itanagar,T3,Jorhat,T2,IAR/GMT/001,JHT/MBJ/013,104,98
NESA,Imphal,T3,Guwahati,T2,IMP/THM/004,GHT/GSR/001,292,266
NESA,Imphal,T3,Jorhat,T2,IMP/THM/004,JHT/MBJ/013,63,58
MPCG,Indore,T3,Bhopal(GP),T1,IND/GEE/005,BPL/GPR/017,556,398
MPCG,Indore,T3,Jabalpur,T2,IND/GEE/005,JBL/VIJ/001,444,201
MPCG,Itarasi,T3,Bhopal(GP),T1,ITS/NFO/003,BPL/GPR/017,68,46
MPCG,Itarasi,T3,Jabalpur,T2,ITS/NFO/003,JBL/VIJ/001,32,30
HAR,Yamunanagar,T3,Ambala,T2,JGD/RCO/001,AMB/SHA/001,51,47
HAR,Yamunanagar,T3,Mohali,T2,JGD/RCO/001,MOH/C25/001,75,68
ORR,JHARSUGUDA,T3,Bhuvaneswar,T2,JHA/BCK/006,BWR/CIE/058,34,31
ORR,JHARSUGUDA,T3,Sambalpur,T2,JHA/BCK/006,SAM/ATP/005,14,13
UPE,Jhansi,T3,Lucknow,T2,JHI/GWR/002,LCK/VKH/028,25,24
UPE,Jhansi,T3,Varanasi,T2,JHI/GWR/002,BRS/TVS/026,40,37
UPE,Jhansi,T3,Gangaganj,T2,JHI/GWR/002,GNJ/MDF/001 ,84,78
HPHP,Jawalaji,T3,Mohali,T2,JJI/KSB/001,MOH/C25/001,14,12
HPHP,Jawalaji,T3,Shimla,T2,JJI/KSB/001,SIM/PAN/004,40,31
MH,JALNA,T3,NANDEDT2,T2,JLN/DWT/002,NND/HTN/002,71,66
MH,JALNA,T3,Pune Epark,T2,JLN/DWT/002,PUN/EPK/059,193,178
BHJH,Jamui,T3,Bhagalpur,T2,JMI/PJI/002,BHA/NHN/013,37,29
BHJH,Jamui,T3,Patna,T2,JMI/PJI/002,PTN/PIA/081,69,66
GUJ,JAMNAGA,T3,Ahmedabad(Changodhar),T2,JMN/NDA/004,CGR/RDM/001,31,28
GUJ,JAMNAGA,T3,Rajkot,T2,JMN/NDA/004,RKT/NRT/030,87,82
HAR,Jind,T3,Ambala,T2,JND/SNR/039,AMB/SHA/001,56,53
HAR,Jind,T3,Hisar,T2,JND/SNR/039,HIS/SNG/001,24,23
UPE,Jaunpur,T3,Gorakhpur,T2,JNP/WZP/001,GKP/OTN/003,54,52
UPE,Jaunpur,T3,Varanasi,T2,JNP/WZP/001,BRS/TVS/026,63,60
ORR,JASHIPUR,T3,Sambalpur,T2,JSI/LDS/001,SAM/ATP/005,12,11
ORR,JASHIPUR,T3,Bhuvaneswar,T2,JSI/LDS/001,BWR/CIE/058,32,30
BHJH,Jamshedpur,T3,Ranchi,T2,JSP/PMO/037,RCH/NHB/040 ,163,154
BHJH,Jamshedpur,T3,Bhagalpur,T2,JSP/PMO/037,BHA/NHN/013,91,84
AP,KARIMNAGAR,T3,HYDERABAD UPPAL,T1,KAA/MNH/003,HYD/UPL/121,298,284
AP,KARIMNAGAR,T3,Vijaywada,T2,KAA/MNH/003,VJW/NMU/040,136,124
UPE,Kanpur,T3,Varanasi,T2,KAN/KNG/053,BRS/TVS/026,88,82
UPE,Kanpur,T3,Gangaganj,T2,KAN/KNG/053,GNJ/MDF/001 ,194,180
UPE,Kanpur,T3,Lucknow,T2,KAN/KNG/053,LCK/VKH/028,132,126
TN,Karur,T3,Salem,T2,KAR/NKT/001,SLM/SIV/006,59,53
TN,Karur,T3,TRICHY,T2,KAR/NKT/001,TCY/BRD/001,46,43
TN,Kanchipuram,T3,Chennai Serisuri,T1,KCM/KAS/001,CHN/SSE/036,50,46
TN,Kanchipuram,T3,Chennai Serisuri-2,T1,KCM/KAS/001,CHN/SE2/068,38,36
TN,Kanchipuram,T3,Chennai Santhome,T1,KCM/KAS/001,CHN/FOR/001,54,51
BHJH,KHAGARIA,T3,Bhagalpur,T2,KGA/MGR/001,BHA/NHN/013,94,89
BHJH,KHAGARIA,T3,Patna,T2,KGA/MGR/001,PTN/PIA/081,210,204
NESA,KUMARGHAT,T3,Guwahati,T2,KGG/NEP/001,GHT/GSR/001,88,84
NESA,KUMARGHAT,T3,Jorhat,T2,KGG/NEP/001,JHT/MBJ/013,31,30
HAR,Kaithal,T3,Mohali,T2,KHL/SBH/001,MOH/C25/001,65,61
HAR,Kaithal,T3,Ambala,T2,KHL/SBH/001,AMB/SHA/001,37,34
ORR,KENDUJHAR,T3,Bhuvaneswar,T2,KJH/PMR/002,BWR/CIE/058,39,37
ORR,KENDUJHAR,T3,Sambalpur,T2,KJH/PMR/002,SAM/ATP/005,6,5
AP,Kakinada,T3,HYDERABAD UPPAL,T1,KKA/CHB/003,HYD/UPL/121,128,120
AP,Kakinada,T3,Vijaywada,T2,KKA/CHB/003,VJW/NMU/040,388,371
TN,KARAIKUDI,T3,Madurai,T2,KKD/SKL/001,MAD/DSP/001,48,45
TN,KARAIKUDI,T3,TRICHY,T2,KKD/SKL/001,TCY/BRD/001,63,60
UPW,Kosi,T3,Noida,T1,KKN/DML/002,NOD/S57/042,79,74
UPW,Kosi,T3,AGRA,T2,KKN/DML/002,AGR/DCY/019,17,16
KK,Kumta,T3,Hubli,T2,KMA/CLR/001,HBL/DJB/001,37,34
KK,Kumta,T3,Mangalore,T2,KMA/CLR/001,MRG/BIA/013,30,29
NESA,Kohima,T3,Guwahati,T2,KMC/NMH/001,GHT/GSR/001,46,43
NESA,Kohima,T3,Guwahati,T2,KMC/NMH/001,GHT/GSR/001,0,0
NESA,Kohima,T3,Jorhat,T2,KMC/NMH/001,JHT/MBJ/013,40,36
KL,Kumli,T3,Cochin,T2,KML/KUL/001,ENK/SAR/001,25,24
KL,Kumli,T3,Madurai,T2,KML/KUL/001,MAD/DSP/001,3,3
UPE,KANNAUJ,T3,Lucknow,T2,KNJ/BBR/001,LCK/VKH/028,44,42
UPE,KANNAUJ,T3,Gangaganj,T2,KNJ/BBR/001,GNJ/MDF/001 ,70,66
UPE,KANNAUJ,T3,Gorakhpur,T2,KNJ/BBR/001,GKP/OTN/003,16,15
AP,KURNOO,T3,Adoni,T2,KNL/GNR/001,ADI/MRD/004,3,2
AP,KURNOO,T3,HYDERABAD UPPAL,T1,KNL/GNR/001,HYD/UPL/121,108,103
KL,Kannur,T3,Calicut,T2,KNR/SUB/001,CLT/NEC/013,160,152
KL,Kannur,T3,Pollachi,T2,KNR/SUB/001,PLC/RIP/004,45,42
WB,KOLAGHAT,T3,Kharagpur (NEW),T1,KOG/RKC/001,KHP/JKP/023,113,107
WB,KOLAGHAT,T3,Asansol,T2,KOG/RKC/001,ASL/UGM/007,39,37
HAR,Karnal,T3,Mohali,T2,KRL/KSM/901,MOH/C25/001,96,92
HAR,Karnal,T3,Ambala,T2,KRL/KSM/901,AMB/SHA/001,78,74
BHJH,KURU,T3,Patna,T2,KRU/GPR/002,PTN/PIA/081,7,6
BHJH,KURU,T3,Ranchi,T2,KRU/GPR/002,RCH/NHB/040 ,9,9
RAJ,Kota,T3,Jaipur,T2,KTH/NPU/001,JPR/VIA/049,211,198
RAJ,Kota,T3,Udaipur,T2,KTH/NPU/001,UPR/MIA/015,124,117
PB,Kotakpura,T3,Jalandhar,T2,KTK/DBG/002,JLD/FCP/010,14,13
PB,Kotakpura,T3,Ludhiana,T2,KTK/DBG/002,LDN/FPA/013,47,44
MPCG,KULPA,T3,Raipur,T2,KUL/BAL/001,RAI/TBD/001,49,47
MPCG,KULPA,T3,Jabalpur,T2,KUL/BAL/001,JBL/VIJ/001,25,22
TN,KARVETNAGAR,T3,Prodattur,T2,KVN/CPR/001,PDR/PDR/004,27,24
TN,KARVETNAGAR,T3,Adoni,T2,KVN/CPR/001,ADI/MRD/004,12,11
MH,Kalyan,T3,NANDEDT2,T2,KYF/NKB/003,NND/HTN/002,63,59
MH,Kalyan,T3,Pune Epark,T2,KYF/NKB/003,PUN/EPK/059,184,170
GUJ,Limdi,T3,Ahmedabad(Changodhar),T2,LBD/AIR/001,CGR/RDM/001,47,43
GUJ,Limdi,T3,Rajkot,T2,LBD/AIR/001,RKT/NRT/030,45,41
NESA,LUMDING,T3,Guwahati,T2,LDG/DNN/001,GHT/GSR/001,27,25
NESA,LUMDING,T3,Jorhat,T2,LDG/DNN/001,JHT/MBJ/013,32,30
PB,Samrala,T3,Ludhiana,T2,LDN/BDR/007,LDN/FPA/013,29,26
PB,Samrala,T3,Mohali,T2,LDN/BDR/007,MOH/C25/001,37,35
PB,Lahargagga,T3,Ludhiana,T2,LHG/NAM/001,LDN/FPA/013,38,34
PB,Lahargagga,T3,Mohali,T2,LHG/NAM/001,MOH/C25/001,56,52
RAJ,MAKRANA,T3,Jaipur,T2,MAK/NTE/003,JPR/VIA/049,35,32
RAJ,MAKRANA,T3,Jodhpur,T2,MAK/NTE/003,JOD/BIA/007,19,17
UPE,Mau,T3,Gorakhpur,T2,MAU/SDP/001,GKP/OTN/003,146,137
UPE,Mau,T3,Varanasi,T2,MAU/SDP/001,BRS/TVS/026,205,194
AP,MAHABUBNAGAR,T3,Adoni,T2,MBN/NEW/001,ADI/MRD/004,17,16
AP,MAHABUBNAGAR,T3,HYDERABAD UPPAL,T1,MBN/NEW/001,HYD/UPL/121,135,125
WB,MALDA,T3,Behrampur-WB,T2,MDA/TPR/018,BMP/NMT/010,81,76
WB,MALDA,T3,Siliguri,T2,MDA/TPR/018,SIL/NJB/037,124,119
KK,MADIKERI,T3,Hubli,T2,MDK/MDP/001,HBL/DJB/001,13,10
KK,MADIKERI,T3,Mangalore,T2,MDK/MDP/001,MRG/BIA/013,39,34
WB,Madarihat,T3,Behrampur-WB,T2,MDT/AWN/001,BMP/NMT/010,41,27
WB,Madarihat,T3,Siliguri,T2,MDT/AWN/001,SIL/NJB/037,71,50
AP,MEDAK,T3,HYDERABAD UPPAL,T1,MED/CXR/002,HYD/UPL/121,50,47
AP,MEDAK,T3,Vijaywada,T2,MED/CXR/002,VJW/NMU/040,6,5
GUJ,Mehsana,T3,Ahmedabad(Changodhar),T2,MEH/JYN/002,CGR/RDM/001,88,81
GUJ,Mehsana,T3,Rajkot,T2,MEH/JYN/002,RKT/NRT/030,49,46
UPE,Munsiganj,T3,Lucknow,T2,MGJ/MWL/001,LCK/VKH/028,38,37
UPE,Munsiganj,T3,Varanasi,T2,MGJ/MWL/001,BRS/TVS/026,45,41
UPE,Munsiganj,T3,Gangaganj,T2,MGJ/MWL/001,GNJ/MDF/001 ,95,86
BHJH,Motihari,T3,Bhagalpur,T2,MHR/BCB/003,BHA/NHN/013,188,182
BHJH,Motihari,T3,Patna,T2,MHR/BCB/003,PTN/PIA/081,480,457
MH,MANJARSUMBHA,T3,NANDEDT2,T2,MJS/ARP/001,NND/HTN/002,1,0
MH,MANJARSUMBHA,T3,Pune Epark,T2,MJS/ARP/001,PUN/EPK/059,0,0
PB,Malerkotla,T3,Mohali,T2,MKT/JDK/003,MOH/C25/001,61,56
PB,Malerkotla,T3,Ludhiana,T2,MKT/JDK/003,LDN/FPA/013,27,26
TN,MUNDAKKAYAM,T3,Cochin,T2,MKY/OFC/001,ENK/SAR/001,63,59
TN,MUNDAKKAYAM,T3,Pollachi,T2,MKY/OFC/001,PLC/RIP/004,11,10
UPW,MOHAN,T3,Meerut,T2,MOF/VMN/001,MRT/GNG/010,23,21
UPW,MOHAN,T3,Moradabad,T2,MOF/VMN/001,MBD/MHD/042,18,16
PB,Mogha,T3,Jalandhar,T2,MOG/CWG/001,JLD/FCP/010,18,17
PB,Mogha,T3,Ludhiana,T2,MOG/CWG/001,LDN/FPA/013,48,45
NESA,MORANHAT,T3,Guwahati,T2,MON/HLG/003,GHT/GSR/001,86,81
NESA,MORANHAT,T3,Jorhat,T2,MON/HLG/003,JHT/MBJ/013,88,81
NESA,MORANHAT,T3,Jorhat,T2,MON/HLG/003,JHT/MBJ/013,65,61
AP,MARKAPUR,T3,Prodattur,T2,MRK/MRM/001,PDR/PDR/004,18,16
AP,MARKAPUR,T3,Vijaywada,T2,MRK/MRM/001,VJW/NMU/040,65,61
BHJH,Muzaffarpur,T3,Patna,T2,MUZ/NSC/024,PTN/PIA/081,1,1
BHJH,Muzaffarpur,T3,Patna,T2,MUZ/NSC/024,PTN/PIA/081,627,596
BHJH,Muzaffarpur,T3,Ranchi,T2,MUZ/NSC/024,RCH/NHB/040 ,0,0
BHJH,Muzaffarpur,T3,Bhagalpur,T2,MUZ/NSC/024,BHA/NHN/013,157,149
KK,MALAVALLI,T3,Bangalore Hosur Road,T1,MVL/NGP/001,BGL/LSU/901,87,80
KK,MALAVALLI,T3,Bangalore WFD,T1,MVL/NGP/001,BGL/WFD/049,122,112
KK,Mysore,T3,Bangalore WFD,T1,MYS/HIA/007,BGL/WFD/049,250,235
KK,Mysore,T3,Mangalore,T2,MYS/HIA/007,MRG/BIA/013,157,145
UPW,Muzaffarnagar,T3,Meerut,T2,MZN/RCH/002,MRT/GNG/010,147,139
UPW,Muzaffarnagar,T3,Noida,T1,MZN/RCH/002,NOD/S57/042,137,126
ORR,Nalconagar,T3,Sambalpur,T2,NAL/ANG/001,SAM/ATP/005,19,17
ORR,Nalconagar,T3,Bhuvaneswar,T2,NAL/ANG/001,BWR/CIE/058,80,76
TN,NAGERCOIL,T3,Madurai,T2,NKL/VMJ/001,MAD/DSP/001,66,61
TN,NAGERCOIL,T3,Pollachi,T2,NKL/VMJ/001,PLC/RIP/004,185,174
AP,Nellore,T3,Prodattur,T2,NLL/NSB/003,PDR/PDR/004,26,24
AP,Nellore,T3,Vijaywada,T2,NLL/NSB/003,VJW/NMU/040,172,164
RAJ,Neem ka thana,T3,Jaipur,T2,NMT/STL/001,JPR/VIA/049,155,142
RAJ,Neem ka thana,T3,Jodhpur,T2,NMT/STL/001,JOD/BIA/007,123,113
MH,Nasik,T3,NANDEDT2,T2,NST/MNK/012,NND/HTN/002,44,34
MH,Nasik,T3,Pune Epark,T2,NST/MNK/012,PUN/EPK/059,372,357
HPHP,NURPUR,T3,Shimla,T2,NUP/KNG/001,SIM/PAN/004,47,42
HPHP,NURPUR,T3,Mohali,T2,NUP/KNG/001,MOH/C25/001,48,43
RAJ,Nagaur,T3,Jaipur,T2,NUR/MNS/001,JPR/VIA/049,70,65
RAJ,Nagaur,T3,Jodhpur,T2,NUR/MNS/001,JOD/BIA/007,71,65
BHJH,Nawada,T3,Bhagalpur,T2,NWD/BDN/001,BHA/NHN/013,110,104
BHJH,Nawada,T3,Patna,T2,NWD/BDN/001,PTN/PIA/081,140,129
ORR,NAYAGARH,T3,Bhuvaneswar,T2,NYR/CPH/001,BWR/CIE/058,72,59
ORR,NAYAGARH,T3,Sambalpur,T2,NYR/CPH/001,SAM/ATP/005,31,29
AP,Nizamabad,T3,HYDERABAD UPPAL,T1,NZB/MJC/002,HYD/UPL/121,183,175
AP,Nizamabad,T3,Vijaywada,T2,NZB/MJC/002,VJW/NMU/040,118,105
AP,Nuzvid,T3,HYDERABAD UPPAL,T1,NZD/RCM/001,HYD/UPL/121,83,71
AP,Nuzvid,T3,Vijaywada,T2,NZD/RCM/001,VJW/NMU/040,87,70
WB,Omarpur,T3,Asansol,T2,OMA/PSR/001,ASL/UGM/007,80,75
WB,Omarpur,T3,Behrampur-WB,T2,OMA/PSR/001,BMP/NMT/010,51,49
AP,ONGOLE,T3,Prodattur,T2,ONG/MCS/005,PDR/PDR/004,70,67
AP,ONGOLE,T3,Vijaywada,T2,ONG/MCS/005,VJW/NMU/040,239,227
RAJ,Pachpadra,T3,Jodhpur,T2,PAD/JPR/001,JOD/BIA/007,58,55
RAJ,Pachpadra,T3,Udaipur,T2,PAD/JPR/001,UPR/MIA/015,39,35
PB,Patiala,T3,Ludhiana,T2,PAT/HBG/001,LDN/FPA/013,37,34
PB,Patiala,T3,Mohali,T2,PAT/HBG/001,MOH/C25/001,97,90
UPW,Pauri,T3,Meerut,T2,PAU/LCH/001,MRT/GNG/010,25,23
UPW,Pauri,T3,Moradabad,T2,PAU/LCH/001,MBD/MHD/042,29,27
UPW,PILIBHIT,T3,AGRA,T2,PBT/ASC/003,AGR/DCY/019,22,20
UPW,PILIBHIT,T3,Moradabad,T2,PBT/ASC/003,MBD/MHD/042,83,79
UPE,Prayagraj,T3,Varanasi,T2,PGRJ/PMNR/001,BRS/TVS/026,247,232
UPE,Prayagraj,T3,Gangaganj,T2,PGRJ/PMNR/001,GNJ/MDF/001 ,193,177
UPE,Prayagraj,T3,Lucknow,T2,PGRJ/PMNR/001,LCK/VKH/028,67,58
KL,PALAKKAD,T3,Pollachi,T2,PGT/STP/001,PLC/RIP/004,64,59
KL,PALAKKAD,T3,Calicut,T2,PGT/STP/001,CLT/NEC/013,73,68
UPE,PHARENDA,T3,Varanasi,T2,PHA/MBG/001,BRS/TVS/026,152,145
UPE,PHARENDA,T3,Gorakhpur,T2,PHA/MBG/001,GKP/OTN/003,141,135
PB,Phagwara,T3,Jalandhar,T2,PHG/KRV/001,JLD/FCP/010,8,7
PB,Phagwara,T3,Ludhiana,T2,PHG/KRV/001,LDN/FPA/013,90,84
RAJ,Phalodi,T3,Jaipur,T2,PHL/NMB/001,JPR/VIA/049,60,56
RAJ,Phalodi,T3,Jodhpur,T2,PHL/NMB/001,JOD/BIA/007,80,74
ORR,PALLAHARA,T3,Bhuvaneswar,T2,PHR/SSH/001,BWR/CIE/058,24,22
ORR,PALLAHARA,T3,Sambalpur,T2,PHR/SSH/001,SAM/ATP/005,2,2
MH,Panjim,T3,Pune Epark,T2,PJM/ECX/020,PUN/EPK/059,166,159
MH,Panjim,T3,Kolhapur,T2,PJM/ECX/020,KPR/NGC/012,71,54
ORR,PANIKOLLI,T3,Sambalpur,T2,PKL/VAL/001,SAM/ATP/005,9,8
ORR,PANIKOLLI,T3,Bhuvaneswar,T2,PKL/VAL/001,BWR/CIE/058,246,237
TN,PATTUKOTTAI,T3,Madurai,T2,PKO/RTM/001,MAD/DSP/001,26,24
TN,PATTUKOTTAI,T3,TRICHY,T2,PKO/RTM/001,TCY/BRD/001,39,38
PB,Pathankot,T3,Jalandhar,T2,PKT/SUS/004,JLD/FCP/010,7,7
PB,Pathankot,T3,Ludhiana,T2,PKT/SUS/004,LDN/FPA/013,84,78
RAJ,PALI,T3,Jodhpur,T2,PLI/INA/001,JOD/BIA/007,101,93
RAJ,PALI,T3,Udaipur,T2,PLI/INA/001,UPR/MIA/015,87,81
GUJ,PALANPUR,T3,Rajkot,T2,PLN/BHP/003,RKT/NRT/030,40,37
GUJ,PALANPUR,T3,Ahmedabad(Changodhar),T2,PLN/BHP/003,CGR/RDM/001,71,65
JK,PULWAMA,T3,Jammu,T2,PLW/NMM/001,JMU/PRA/001,12,10
JK,PULWAMA,T3,SRINAGAR,T2,PLW/NMM/001,SIG/MAR/001,11,11
AP,Palamner,T3,Adoni,T2,PMR/NH4/001,ADI/MRD/004,6,5
AP,Palamner,T3,Prodattur,T2,PMR/NH4/001,PDR/PDR/004,71,66
HPHP,PONTA,T3,Mohali,T2,POT/TWL/001,MOH/C25/001,8,7
HPHP,PONTA,T3,Shimla,T2,POT/TWL/001,SIM/PAN/004,37,35
BHJH,Pipra,T3,Bhagalpur,T2,PPA/PBB/001,BHA/NHN/013,72,67
BHJH,Pipra,T3,Patna,T2,PPA/PBB/001,PTN/PIA/081,156,148
HAR,Panipat,T3,Ambala,T2,PPT/ONH/007,AMB/SHA/001,94,88
HAR,Panipat,T3,Mohali,T2,PPT/ONH/007,MOH/C25/001,304,281
WB,Puruliya,T3,Asansol,T2,PRL/SBL/001,ASL/UGM/007,15,14
WB,Puruliya,T3,Kharagpur (NEW),T1,PRL/SBL/001,KHP/JKP/023,45,32
TN,Pondicherry,T3,Chennai Serisuri,T1,PYC/TVS/001,CHN/SSE/036,111,104
TN,Pondicherry,T3,Chennai Serisuri-2,T1,PYC/TVS/001,CHN/SE2/068,83,78
TN,Pondicherry,T3,Chennai Santhome,T1,PYC/TVS/001,CHN/FOR/001,100,96
ORR,RAYAGADA,T3,Sambalpur,T2,RAY/JKP/001,SAM/ATP/005,4,3
ORR,RAYAGADA,T3,Bhuvaneswar,T2,RAY/JKP/001,BWR/CIE/058,36,34
KK,RAICHUR,T3,Hubli,T2,RCR/AKH/002,HBL/DJB/001,3,3
UPW,Rudrapur,T3,Meerut,T2,RDR/USN/001,MRT/GNG/010,82,76
UPW,Rudrapur,T3,Moradabad,T2,RDR/USN/001,MBD/MHD/042,147,141
MPCG,RAIGARH,T3,Raipur,T2,RGH/RKM/001,RAI/TBD/001,61,57
MPCG,RAIGARH,T3,Jabalpur,T2,RGH/RKM/001,JBL/VIJ/001,53,51
RAJ,Rajgarh,T3,Jaipur,T2,RJG/RGB/002,JPR/VIA/049,88,82
RAJ,Rajgarh,T3,Jodhpur,T2,RJG/RGB/002,JOD/BIA/007,36,33
ORR,Rourkela,T3,Bhuvaneswar,T2,RKL/BAR/001,BWR/CIE/058,68,63
ORR,Rourkela,T3,Sambalpur,T2,RKL/BAR/001,SAM/ATP/005,11,10
MPCG,RATLAM,T3,Bhopal(GP),T1,RLM/HRR/002,BPL/GPR/017,236,217
MPCG,RATLAM,T3,Jabalpur,T2,RLM/HRR/002,JBL/VIJ/001,135,127
HPHP,Rori,T3,Ambala,T2,ROR/RBS/001,AMB/SHA/001,58,55
HPHP,Rori,T3,Hisar,T2,ROR/RBS/001,HIS/SNG/001,4,3
JK,RAJOURI,T3,Jammu,T2,ROU/SCO/003,JMU/PRA/001,50,46
JK,RAJOURI,T3,SRINAGAR,T2,ROU/SCO/003,SIG/MAR/001,44,41
UPW,RUDRAPRAYAG,T3,Meerut,T2,RPG/STL/001,MRT/GNG/010,22,20
UPW,RUDRAPRAYAG,T3,Moradabad,T2,RPG/STL/001,MBD/MHD/042,79,71
TN,RAMANATHAPURAM,T3,TRICHY,T2,RPM/INR/004,TCY/BRD/001,13,12
TN,RAMANATHAPURAM,T3,Madurai,T2,RPM/INR/004,MAD/DSP/001,62,56
RAJ,RATANGARH,T3,Jaipur,T2,RTG/SLR/001,JPR/VIA/049,99,92
RAJ,RATANGARH,T3,Jodhpur,T2,RTG/SLR/001,JOD/BIA/007,75,69
HAR,Rohtak,T3,Ambala,T2,RTK/SRD/003,AMB/SHA/001,153,143
HAR,Rohtak,T3,Hisar,T2,RTK/SRD/003,HIS/SNG/001,61,57
HAR,REWARI,T3,Hisar,T2,RWI/BRD/002,HIS/SNG/001,74,69
HAR,REWARI,T3,Manesar,T1,RWI/BRD/002,MAS/OMU/002,80,77
KK,Sorbha,T3,Hubli,T2,SBA/CRP/001,HBL/DJB/001,38,33
KK,Sorbha,T3,Mangalore,T2,SBA/CRP/001,MRG/BIA/013,32,30
RAJ,Sanchore,T3,Jodhpur,T2,SCH/DVA/016,JOD/BIA/007,46,42
RAJ,Sanchore,T3,Udaipur,T2,SCH/DVA/016,UPR/MIA/015,51,47
NESA,Silchar,T3,Jorhat,T2,SCR/MCO/020,JHT/MBJ/013,120,113
NESA,Silchar,T3,Guwahati,T2,SCR/MCO/020,GHT/GSR/001,119,112
NESA,Silchar,T3,Guwahati,T2,SCR/MCO/020,GHT/GSR/001,0,0
MPCG,Sidhi,T3,Jabalpur,T2,SDI/UTT/001,JBL/VIJ/001,37,34
MPCG,Sidhi,T3,SATNA,T2,SDI/UTT/001,STN/JNR/008,47,43
MPCG,SHAHDOL,T3,Jabalpur,T2,SDL/BPC/003,JBL/VIJ/001,28,27
MPCG,SHAHDOL,T3,Raipur,T2,SDL/BPC/003,RAI/TBD/001,3,3
MPCG,SENDWA,T3,Jabalpur,T2,SDW/BNI/001,JBL/VIJ/001,52,50
MPCG,SENDWA,T3,Bhopal(GP),T1,SDW/BNI/001,BPL/GPR/017,61,59
MPCG,SEONI,T3,Bhopal(GP),T1,SEN/MBP/001,BPL/GPR/017,49,46
MPCG,SEONI,T3,Jabalpur,T2,SEN/MBP/001,JBL/VIJ/001,25,23
MPCG,Sagar,T3,Bhopal(GP),T1,SGK/BHR/001,BPL/GPR/017,48,45
MPCG,Sagar,T3,Jabalpur,T2,SGK/BHR/001,JBL/VIJ/001,41,38
RAJ,Sriganganagar,T3,Jaipur,T2,SGN/GNC/001,JPR/VIA/049,115,106
RAJ,Sriganganagar,T3,Jodhpur,T2,SGN/GNC/001,JOD/BIA/007,62,56
UPW,Saharnpur,T3,Meerut,T2,SHN/GGH/002,MRT/GNG/010,125,117
UPW,Saharnpur,T3,Noida,T1,SHN/GGH/002,NOD/S57/042,98,93
GUJ,SIHORI,T3,Ahmedabad(Changodhar),T2,SIH/NNH/001,CGR/RDM/001,42,39
GUJ,SIHORI,T3,Rajkot,T2,SIH/NNH/001,RKT/NRT/030,47,43
UPW,SHAHJAHANPUR,T3,Gangaganj,T2,SJN/MHR/001,GNJ/MDF/001 ,155,142
UPW,SHAHJAHANPUR,T3,Gorakhpur,T2,SJN/MHR/001,GKP/OTN/003,46,41
UPW,SHAHJAHANPUR,T3,Lucknow,T2,SJN/MHR/001,LCK/VKH/028,145,136
RAJ,SUJANGARH,T3,Jaipur,T2,SJX/NSG/002,JPR/VIA/049,15,14
RAJ,SUJANGARH,T3,Jodhpur,T2,SJX/NSG/002,JOD/BIA/007,4,3
GUJ,Samkhayali,T3,Ahmedabad(Changodhar),T2,SKL/NAR/001,CGR/RDM/001,135,128
GUJ,Samkhayali,T3,Rajkot,T2,SKL/NAR/001,RKT/NRT/030,83,75
KK,Shimoga,T3,Mangalore,T2,SMO/BHC/001,MRG/BIA/013,95,88
KK,Shimoga,T3,Hubli,T2,SMO/BHC/001,HBL/DJB/001,31,29
UPE,Sultanpur,T3,Gangaganj,T2,SNR/ONR/001,GNJ/MDF/001 ,132,119
UPE,Sultanpur,T3,Lucknow,T2,SNR/ONR/001,LCK/VKH/028,52,50
UPE,Sultanpur,T3,Varanasi,T2,SNR/ONR/001,BRS/TVS/026,58,54
MH,Sholapur,T3,Kolhapur,T2,SOL/BWP/016,KPR/NGC/012,115,108
MH,Sholapur,T3,Pune Epark,T2,SOL/BWP/016,PUN/EPK/059,232,218
AP,SRIKAKULAM,T3,HYDERABAD UPPAL,T1,SRK/CRD/001,HYD/UPL/121,60,56
AP,SRIKAKULAM,T3,Vijaywada,T2,SRK/CRD/001,VJW/NMU/040,83,76
RAJ,SIROHI,T3,Udaipur,T2,SRO/BKH/001,UPR/MIA/015,61,55
RAJ,SIROHI,T3,Jodhpur,T2,SRO/BKH/001,JOD/BIA/007,57,53
PB,Sangarur,T3,Ludhiana,T2,SRR/NMC/006,LDN/FPA/013,22,20
PB,Sangarur,T3,Mohali,T2,SRR/NMC/006,MOH/C25/001,46,43
UPE,Sitapur,T3,Gangaganj,T2,STP/ERD/001,GNJ/MDF/001 ,66,61
UPE,Sitapur,T3,Gorakhpur,T2,STP/ERD/001,GKP/OTN/003,75,70
UPE,Sitapur,T3,Lucknow,T2,STP/ERD/001,LCK/VKH/028,79,74
AP,SURYAPET,T3,HYDERABAD UPPAL,T1,SUP/BPR/001,HYD/UPL/121,156,106
AP,SURYAPET,T3,Vijaywada,T2,SUP/BPR/001,VJW/NMU/040,220,208
RAJ,SAWAIMADHOPUR,T3,Jaipur,T2,SWM/MPC/003,JPR/VIA/049,46,40
RAJ,SAWAIMADHOPUR,T3,Udaipur,T2,SWM/MPC/003,UPR/MIA/015,31,29
RAJ,TIBI,T3,Jaipur,T2,TBI/SRD/001,JPR/VIA/049,38,35
RAJ,TIBI,T3,Jodhpur,T2,TBI/SRD/001,JOD/BIA/007,82,74
TN,TUTICORIN,T3,Madurai,T2,TCN/ODP/004,MAD/DSP/001,53,50
TN,TUTICORIN,T3,TRICHY,T2,TCN/ODP/004,TCY/BRD/001,41,38
TN,TIRUVANNAMALAI,T3,Chennai Serisuri-2,T1,TML/POC/004,CHN/SE2/068,66,60
TN,TIRUVANNAMALAI,T3,Chennai Santhome,T1,TML/POC/004,CHN/FOR/001,57,52
TN,TIRUVANNAMALAI,T3,Chennai Serisuri,T1,TML/POC/004,CHN/SSE/036,40,36
KK,TUMKUR,T3,Bangalore Hosur Road,T1,TMU/MGR/001,BGL/LSU/901,127,119
KK,TUMKUR,T3,Bangalore WFD,T1,TMU/MGR/001,BGL/WFD/049,92,87
KK,TUMKUR,T3,Bangalore YMCA,T1,TMU/MGR/001,BGL/YMC/001,35,34
TN,THENI,T3,Madurai,T2,TNE/GNR/001,MAD/DSP/001,11,10
TN,THENI,T3,Pollachi,T2,TNE/GNR/001,PLC/RIP/004,58,54
TN,THANJAVUR,T3,Madurai,T2,TNJ/MAN/002,MAD/DSP/001,35,33
TN,THANJAVUR,T3,TRICHY,T2,TNJ/MAN/002,TCY/BRD/001,111,100
AP,Tirupati,T3,Prodattur,T2,TPT/UPM/010,PDR/PDR/004,84,77
AP,Tirupati,T3,Vijaywada,T2,TPT/UPM/010,VJW/NMU/040,155,145
TN,Tiruppur,T3,Pollachi,T2,TRR/BNC/001,PLC/RIP/004,194,178
TN,Tiruppur,T3,TRICHY,T2,TRR/BNC/001,TCY/BRD/001,52,47
TN,THIRUNELVEL,T3,Madurai,T2,TRU/SNH/001,MAD/DSP/001,61,57
TN,THIRUNELVEL,T3,Pollachi,T2,TRU/SNH/001,PLC/RIP/004,172,158
NESA,TINSUKIA,T3,Guwahati,T2,TSK/LMB/003,GHT/GSR/001,98,93
NESA,TINSUKIA,T3,Jorhat,T2,TSK/LMB/003,JHT/MBJ/013,108,101
KL,Thrissur,T3,Calicut,T2,TSR/IWR/001,CLT/NEC/013,64,60
KL,Thrissur,T3,Cochin,T2,TSR/IWR/001,ENK/SAR/001,36,33
KL,Trivandrum,T3,Cochin,T2,TVM/AMK/025,ENK/SAR/001,177,165
KL,Trivandrum,T3,Pollachi,T2,TVM/AMK/025,PLC/RIP/004,184,173
NESA,Tezpur,T3,Jorhat,T2,TZP/KSC/005,JHT/MBJ/013,136,128
NESA,Tezpur,T3,Guwahati,T2,TZP/KSC/005,GHT/GSR/001,78,72
KK,Udipi,T3,Hubli,T2,UDP/MHR/001,HBL/DJB/001,28,22
KK,Udipi,T3,Mangalore,T2,UDP/MHR/001,MRG/BIA/013,80,64
JK,Udhampur,T3,Jammu,T2,UDU/INR/001,JMU/PRA/001,23,22
JK,Udhampur,T3,SRINAGAR,T2,UDU/INR/001,SIG/MAR/001,40,37
TN,Uttukotai,T3,Chennai Santhome,T1,UKO/SHV/001,CHN/FOR/001,63,59
TN,Uttukotai,T3,Chennai Serisuri,T1,UKO/SHV/001,CHN/SSE/036,26,25
TN,Uttukotai,T3,Chennai Serisuri-2,T1,UKO/SHV/001,CHN/SE2/068,40,37
AP,URAVAKONDA,T3,Adoni,T2,URA/DRC/001,ADI/MRD/004,19,18
AP,URAVAKONDA,T3,Prodattur,T2,URA/DRC/001,PDR/PDR/004,27,25
GUJ,VADODRA,T3,Ahmedabad(Changodhar),T2,VDD/SVM/025,CGR/RDM/001,266,247
GUJ,VADODRA,T3,Surat,T2,VDD/SVM/025,SUR/UNR/901,61,56
TN,Vellore(Old),T3,Chennai Santhome,T1,VEL/FBR/002,CHN/FOR/001,1,1
TN,Vellore(Old),T3,Chennai Serisuri,T1,VEL/FBR/002,CHN/SSE/036,2,1
TN,VELLORE,T3,Chennai Serisuri,T1,VEL/VLP/001,CHN/SSE/036,41,39
TN,VELLORE,T3,Chennai Serisuri-2,T1,VEL/VLP/001,CHN/SE2/068,108,88
TN,VIRUDHUNAGAR,T3,Madurai,T2,VIR/PUL/001,MAD/DSP/001,48,45
TN,VIRUDHUNAGAR,T3,TRICHY,T2,VIR/PUL/001,TCY/BRD/001,113,104
AP,Vizag,T3,HYDERABAD UPPAL,T1,VPM/CNW/023,HYD/UPL/121,213,202
AP,Vizag,T3,Vijaywada,T2,VPM/CNW/023,VJW/NMU/040,249,235
MH,Vellapur,T3,Kolhapur,T2,VPU/PDH/001,KPR/NGC/012,6,5
MH,Vellapur,T3,Pune Epark,T2,VPU/PDH/001,PUN/EPK/059,93,89
AP,Warangal,T3,HYDERABAD UPPAL,T1,WGL/GRJ/007,HYD/UPL/121,228,215
AP,Warangal,T3,Vijaywada,T2,WGL/GRJ/007,VJW/NMU/040,96,90
KK,YADIGIRI,T3,Bangalore WFD,T1,YAD/YBV/001,BGL/WFD/049,66,60
KK,YADIGIRI,T3,Hubli,T2,YAD/YBV/001,HBL/DJB/001,49,46
MH,Yavatmal,T3,Nagpur,T2,YVM/JTP/003,NGP/CSQ/130,48,44
MH,Yavatmal,T3,NANDEDT2,T2,YVM/JTP/003,NND/HTN/002,27,26
AP,Adoni,T2,Hyderabad Hitech,T1,ADI/MRD/004,HYD/OHA/090,37,35
AP,Adoni,T2,HYDERABAD UPPAL,T1,ADI/MRD/004,HYD/UPL/121,62,58
AP,Adoni,T2,HYDERABAD UPPAL,T1,ADI/MRD/004,HYD/UPL/121,82,76
UPW,AGRA,T2,Manesar,T1,AGR/DCY/019,MAS/OMU/002,37,34
UPW,AGRA,T2,Manesar,T1,AGR/DCY/019,MAS/OMU/002,85,78
UPW,AGRA,T2,Noida,T1,AGR/DCY/019,NOD/S57/042,185,172
UPW,AGRA,T2,Noida,T1,AGR/DCY/019,NOD/S57/042,160,152
HAR,Ambala,T2,Manesar,T1,AMB/SHA/001,MAS/OMU/002,154,145
HAR,Ambala,T2,Noida,T1,AMB/SHA/001,NOD/S57/042,55,53
HAR,Ambala,T2,Noida,T1,AMB/SHA/001,NOD/S57/042,55,51
WB,Asansol,T2,Kolkata,T1,ASL/UGM/007,KOL/AOE/065,57,52
WB,Asansol,T2,Kolkata,T1,ASL/UGM/007,KOL/EPB/044,129,123
WB,Asansol,T2,Kharagpur (NEW),T1,ASL/UGM/007,KHP/JKP/023,263,249
WB,Asansol,T2,Kharagpur (NEW),T1,ASL/UGM/007,KHP/JKP/023,144,137
WB,Asansol,T2,Kolkata,T1,ASL/UGM/007,KOL/AOE/065,107,102
BHJH,Bhagalpur,T2,Kharagpur (NEW),T1,BHA/NHN/013,KHP/JKP/023,30,29
BHJH,Bhagalpur,T2,Kolkata,T1,BHA/NHN/013,KOL/AOE/065,33,32
BHJH,Bhagalpur,T2,Kolkata,T1,BHA/NHN/013,KOL/EPB/044,15,14
WB,Behrampur-WB,T2,Kharagpur (NEW),T1,BMP/NMT/010,KHP/JKP/023,171,164
WB,Behrampur-WB,T2,Kharagpur (NEW),T1,BMP/NMT/010,KHP/JKP/023,245,232
WB,Behrampur-WB,T2,Kolkata,T1,BMP/NMT/010,KOL/AOE/065,180,171
WB,Behrampur-WB,T2,Kolkata,T1,BMP/NMT/010,KOL/EPB/044,22,21
UPE,Varanasi,T2,Noida,T1,BRS/TVS/026,NOD/S57/042,47,46
UPE,Varanasi,T2,Manesar,T1,BRS/TVS/026,MAS/OMU/002,35,34
UPE,Varanasi,T2,Noida,T1,BRS/TVS/026,NOD/S57/042,38,36
ORR,Bhuvaneswar,T2,Kolkata,T1,BWR/CIE/058,KOL/EPB/044,13,13
ORR,Bhuvaneswar,T2,Kharagpur (NEW),T1,BWR/CIE/058,KHP/JKP/023,54,51
ORR,Bhuvaneswar,T2,Kharagpur (NEW),T1,BWR/CIE/058,KHP/JKP/023,36,33
ORR,Bhuvaneswar,T2,Kolkata,T1,BWR/CIE/058,KOL/AOE/065,89,85
GUJ,Ahmedabad(Changodhar),T2,Mumbai Chandivali,T1,CGR/RDM/001,MUM/CDV/237,51,48
GUJ,Ahmedabad(Changodhar),T2,Bhopal(GP),T1,CGR/RDM/001,BPL/GPR/017,0,0
GUJ,Ahmedabad(Changodhar),T2,Mumbai Chandivali,T1,CGR/RDM/001,MUM/CDV/237,70,64
KL,Calicut,T2,Chennai Santhome,T1,CLT/NEC/013,CHN/FOR/001,14,14
KL,Calicut,T2,Chennai Serisuri,T1,CLT/NEC/013,CHN/SSE/036,3,3
KL,Calicut,T2,Chennai Serisuri,T1,CLT/NEC/013,CHN/SSE/036,2,2
KL,Calicut,T2,Chennai Serisuri-2,T1,CLT/NEC/013,CHN/SE2/068,5,4
KL,Cochin,T2,Chennai Serisuri,T1,ENK/SAR/001,CHN/SSE/036,3,3
KL,Cochin,T2,Chennai Serisuri-2,T1,ENK/SAR/001,CHN/SE2/068,5,4
KL,Cochin,T2,Chennai Santhome,T1,ENK/SAR/001,CHN/FOR/001,26,24
NESA,Guwahati,T2,Kolkata,T1,GHT/GSR/001,KOL/AOE/065,50,48
NESA,Guwahati,T2,Kolkata,T1,GHT/GSR/001,KOL/EPB/044,4,4
NESA,Guwahati,T2,Kolkata,T1,GHT/GSR/001,KOL/AOE/065,25,23
NESA,Guwahati,T2,Kharagpur (NEW),T1,GHT/GSR/001,KHP/JKP/023,54,52
UPE,Gorakhpur,T2,Manesar,T1,GKP/OTN/003,MAS/OMU/002,13,12
UPE,Gorakhpur,T2,Noida,T1,GKP/OTN/003,NOD/S57/042,45,43
UPE,Gangaganj,T2,Manesar,T1,GNJ/MDF/001 ,MAS/OMU/002,24,23
UPE,Gangaganj,T2,Noida,T1,GNJ/MDF/001 ,NOD/S57/042,32,31
KK,Hubli,T2,Bangalore Hosur Road,T1,HBL/DJB/001,BGL/LSU/901,207,196
KK,Hubli,T2,Bangalore Hosur Road,T1,HBL/DJB/001,BGL/LSU/901,127,120
KK,Hubli,T2,Bangalore WFD,T1,HBL/DJB/001,BGL/WFD/049,186,174
KK,Hubli,T2,Bangalore WFD,T1,HBL/DJB/001,BGL/WFD/049,111,105
HAR,Hisar,T2,Manesar,T1,HIS/SNG/001,MAS/OMU/002,85,80
HAR,Hisar,T2,Noida,T1,HIS/SNG/001,NOD/S57/042,30,29
MPCG,Jabalpur,T2,Bhopal(GP),T1,JBL/VIJ/001,BPL/GPR/017,570,462
MPCG,Jabalpur,T2,Bhopal(GP),T1,JBL/VIJ/001,BPL/GPR/017,234,222
MPCG,Jabalpur,T2,Mumbai Chandivali,T1,JBL/VIJ/001,MUM/CDV/237,26,20
NESA,Jorhat,T2,Kharagpur (NEW),T1,JHT/MBJ/013,KHP/JKP/023,28,25
NESA,Jorhat,T2,Kolkata,T1,JHT/MBJ/013,KOL/AOE/065,29,27
NESA,Jorhat,T2,Kolkata,T1,JHT/MBJ/013,KOL/EPB/044,6,5
PB,Jalandhar,T2,Noida,T1,JLD/FCP/010,NOD/S57/042,24,23
PB,Jalandhar,T2,Manesar,T1,JLD/FCP/010,MAS/OMU/002,6,6
JK,Jammu,T2,Noida,T1,JMU/PRA/001,NOD/S57/042,24,22
JK,Jammu,T2,Manesar,T1,JMU/PRA/001,MAS/OMU/002,26,23
RAJ,Jodhpur,T2,Manesar,T1,JOD/BIA/007,MAS/OMU/002,34,32
RAJ,Jodhpur,T2,Noida,T1,JOD/BIA/007,NOD/S57/042,51,50
RAJ,Jaipur,T2,Bhopal(GP),T1,JPR/VIA/049,BPL/GPR/017,0,0
RAJ,Jaipur,T2,Manesar,T1,JPR/VIA/049,MAS/OMU/002,74,66
RAJ,Jaipur,T2,Manesar,T1,JPR/VIA/049,MAS/OMU/002,39,36
RAJ,Jaipur,T2,Noida,T1,JPR/VIA/049,NOD/S57/042,56,55
RAJ,Jaipur,T2,Noida,T1,JPR/VIA/049,NOD/S57/042,39,38
WB,Kharagpur (OLD),T2,Kharagpur (NEW),T1,KHP/MUN/001,KHP/JKP/023,0,0
MH,Kolhapur,T2,Mumbai Chandivali,T1,KPR/NGC/012,MUM/CDV/237,50,47
MH,Kolhapur,T2,Mumbai-Spectrum,T1,KPR/NGC/012,MUM/SPC/901,20,19
UPE,Lucknow,T2,Manesar,T1,LCK/VKH/028,MAS/OMU/002,27,25
UPE,Lucknow,T2,Manesar,T1,LCK/VKH/028,MAS/OMU/002,9,9
UPE,Lucknow,T2,Noida,T1,LCK/VKH/028,NOD/S57/042,55,52
UPE,Lucknow,T2,Noida,T1,LCK/VKH/028,NOD/S57/042,46,43
PB,Ludhiana,T2,Manesar,T1,LDN/FPA/013,MAS/OMU/002,246,230
PB,Ludhiana,T2,Noida,T1,LDN/FPA/013,NOD/S57/042,70,66
TN,Madurai,T2,Chennai Serisuri,T1,MAD/DSP/001,CHN/SSE/036,89,83
TN,Madurai,T2,Chennai Serisuri-2,T1,MAD/DSP/001,CHN/SE2/068,142,132
TN,Madurai,T2,Chennai Serisuri-2,T1,MAD/DSP/001,CHN/SE2/068,179,169
TN,Madurai,T2,Chennai Santhome,T1,MAD/DSP/001,CHN/FOR/001,88,83
UPW,Moradabad,T2,Manesar,T1,MBD/MHD/042,MAS/OMU/002,20,18
UPW,Moradabad,T2,Noida,T1,MBD/MHD/042,NOD/S57/042,182,170
UPW,Moradabad,T2,Noida,T1,MBD/MHD/042,NOD/S57/042,198,186
UPW,Moradabad,T2,Manesar,T1,MBD/MHD/042,MAS/OMU/002,37,35
PB,Mohali,T2,Manesar,T1,MOH/C25/001,MAS/OMU/002,176,155
PB,Mohali,T2,Manesar,T1,MOH/C25/001,MAS/OMU/002,132,122
PB,Mohali,T2,Noida,T1,MOH/C25/001,NOD/S57/042,109,103
PB,Mohali,T2,Noida,T1,MOH/C25/001,NOD/S57/042,34,30
KK,Mangalore,T2,Bangalore Hosur Road,T1,MRG/BIA/013,BGL/LSU/901,183,172
KK,Mangalore,T2,Bangalore WFD,T1,MRG/BIA/013,BGL/WFD/049,439,418
KK,Mangalore,T2,Bangalore WFD,T1,MRG/BIA/013,BGL/WFD/049,476,448
KK,Mangalore,T2,Bangalore Hosur Road,T1,MRG/BIA/013,BGL/LSU/901,208,189
UPW,Meerut,T2,Noida,T1,MRT/GNG/010,NOD/S57/042,233,220
UPW,Meerut,T2,Manesar,T1,MRT/GNG/010,MAS/OMU/002,73,67
UPW,Meerut,T2,Noida,T1,MRT/GNG/010,NOD/S57/042,293,273
UPW,Meerut,T2,Manesar,T1,MRT/GNG/010,MAS/OMU/002,87,78
MH,Nagpur,T2,Mumbai Chandivali,T1,NGP/CSQ/130,MUM/CDV/237,96,89
MH,Nagpur,T2,Mumbai-Spectrum,T1,NGP/CSQ/130,MUM/SPC/901,45,42
MH,NANDEDT2,T2,HYDERABAD UPPAL,T1,NND/HTN/002,HYD/UPL/121,0,0
MH,NANDEDT2,T2,Mumbai Chandivali,T1,NND/HTN/002,MUM/CDV/237,85,78
MH,NANDEDT2,T2,Mumbai-Spectrum,T1,NND/HTN/002,MUM/SPC/901,25,24
AP,Prodattur,T2,CHENNAI SANTHOME,T1,PDR/PDR/004,CHN/FOR/001,1,1
AP,Prodattur,T2,Hyderabad Hitech,T1,PDR/PDR/004,HYD/OHA/090,29,28
AP,Prodattur,T2,Hyderabad Hitech,T1,PDR/PDR/004,HYD/OHA/090,32,31
AP,Prodattur,T2,HYDERABAD UPPAL,T1,PDR/PDR/004,HYD/UPL/121,166,153
AP,Prodattur,T2,HYDERABAD UPPAL,T1,PDR/PDR/004,HYD/UPL/121,162,154
TN,Pollachi,T2,Bangalore WFD,T1,PLC/RIP/004,BGL/WFD/049,1,1
TN,Pollachi,T2,Chennai Santhome,T1,PLC/RIP/004,CHN/FOR/001,267,254
TN,Pollachi,T2,Chennai Serisuri,T1,PLC/RIP/004,CHN/SSE/036,500,481
TN,Pollachi,T2,Chennai Serisuri-2,T1,PLC/RIP/004,CHN/SE2/068,481,455
BHJH,Patna,T2,Kharagpur (NEW),T1,PTN/PIA/081,KHP/JKP/023,15,14
BHJH,Patna,T2,Kharagpur (NEW),T1,PTN/PIA/081,KHP/JKP/023,42,39
BHJH,Patna,T2,Kolkata,T1,PTN/PIA/081,KOL/AOE/065,38,37
BHJH,Patna,T2,Kolkata,T1,PTN/PIA/081,KOL/EPB/044,9,8
BHJH,Patna,T2,Kolkata,T1,PTN/PIA/081,KOL/AOE/065,18,18
MH,Pune Epark,T2,Mumbai Chandivali,T1,PUN/EPK/059,MUM/CDV/237,214,198
MH,Pune Epark,T2,Mumbai-Spectrum,T1,PUN/EPK/059,MUM/SPC/901,46,42
MH,Pune Epark,T2,Mumbai Chandivali,T1,PUN/EPK/059,MUM/CDV/237,149,143
MH,Pune_vega(Old),T2,Mumbai Malad,T1,PUN/SGT/045,MUM/IME/197,4,4
MPCG,Raipur,T2,Bhopal(GP),T1,RAI/TBD/001,BPL/GPR/017,248,234
MPCG,Raipur,T2,Bhopal(GP),T1,RAI/TBD/001,BPL/GPR/017,93,88
MPCG,Raipur,T2,HYDERABAD UPPAL,T1,RAI/TBD/001,HYD/UPL/121,0,0
MPCG,Raipur,T2,Mumbai Chandivali,T1,RAI/TBD/001,MUM/CDV/237,31,30
BHJH,Ranchi,T2,Kharagpur (NEW),T1,RCH/NHB/040 ,KHP/JKP/023,19,18
BHJH,Ranchi,T2,Kolkata,T1,RCH/NHB/040 ,KOL/AOE/065,31,30
GUJ,Rajkot,T2,Mumbai-Spectrum,T1,RKT/NRT/030,MUM/SPC/901,11,11
GUJ,Rajkot,T2,Mumbai Chandivali,T1,RKT/NRT/030,MUM/CDV/237,68,66
ORR,Sambalpur,T2,Kharagpur (NEW),T1,SAM/ATP/005,KHP/JKP/023,16,15
ORR,Sambalpur,T2,Kolkata,T1,SAM/ATP/005,KOL/AOE/065,57,53
ORR,Sambalpur,T2,Kolkata,T1,SAM/ATP/005,KOL/EPB/044,4,4
JK,SRINAGAR,T2,Manesar,T1,SIG/MAR/001,MAS/OMU/002,4,4
JK,SRINAGAR,T2,Noida,T1,SIG/MAR/001,NOD/S57/042,7,7
WB,Siliguri,T2,Kharagpur (NEW),T1,SIL/NJB/037,KHP/JKP/023,427,403
WB,Siliguri,T2,Kolkata,T1,SIL/NJB/037,KOL/AOE/065,208,196
WB,Siliguri,T2,Kolkata,T1,SIL/NJB/037,KOL/AOE/065,170,160
HPHP,Shimla,T2,Manesar,T1,SIM/PAN/004,MAS/OMU/002,18,16
HPHP,Shimla,T2,Noida,T1,SIM/PAN/004,NOD/S57/042,19,18
TN,Salem,T2,Chennai Santhome,T1,SLM/SIV/006,CHN/FOR/001,259,245
TN,Salem,T2,Chennai Serisuri-2,T1,SLM/SIV/006,CHN/SE2/068,230,213
MPCG,SATNA,T2,Bhopal(GP),T1,STN/JNR/008,BPL/GPR/017,107,101
MPCG,SATNA,T2,Bhopal(GP),T1,STN/JNR/008,BPL/GPR/017,38,29
MPCG,SATNA,T2,Mumbai Chandivali,T1,STN/JNR/008,MUM/CDV/237,3,3
GUJ,Surat,T2,Mumbai Chandivali,T1,SUR/UNR/901,MUM/CDV/237,59,56
GUJ,Surat,T2,Mumbai Chandivali,T1,SUR/UNR/901,MUM/CDV/237,34,31
GUJ,Surat,T2,Mumbai-Spectrum,T1,SUR/UNR/901,MUM/SPC/901,11,11
TN,TRICHY,T2,Chennai Santhome,T1,TCY/BRD/001,CHN/FOR/001,153,146
TN,TRICHY,T2,Chennai Serisuri,T1,TCY/BRD/001,CHN/SSE/036,250,236
TN,TRICHY,T2,Chennai Serisuri-2,T1,TCY/BRD/001,CHN/SE2/068,314,287
TN,Trichy(Old),T2,Chennai Serisuri,T1,TCY/PLP/006,CHN/SSE/036,1,1
TN,Trichy(Old),T2,Chennai Santhome,T1,TCY/PLP/006,CHN/FOR/001,2,2
RAJ,Udaipur,T2,Manesar,T1,UPR/MIA/015,MAS/OMU/002,31,29
RAJ,Udaipur,T2,Noida,T1,UPR/MIA/015,NOD/S57/042,36,35
AP,Vijaywada,T2,Hyderabad Hitech,T1,VJW/NMU/040,HYD/OHA/090,82,78
AP,Vijaywada,T2,Hyderabad Hitech,T1,VJW/NMU/040,HYD/OHA/090,131,117
AP,Vijaywada,T2,HYDERABAD UPPAL,T1,VJW/NMU/040,HYD/UPL/121,648,620
AP,Adoni,T2,Prodattur,T2,ADI/MRD/004,PDR/PDR/004,24,23
AP,Adoni,T2,Hubli,T2,ADI/MRD/004,HBL/DJB/001,0,0
AP,Adoni,T2,Prodattur,T2,ADI/MRD/004,PDR/PDR/004,8,7
UPW,AGRA,T2,Moradabad,T2,AGR/DCY/019,MBD/MHD/042,336,308
UPW,AGRA,T2,Moradabad,T2,AGR/DCY/019,MBD/MHD/042,309,288
HAR,Ambala,T2,Hisar,T2,AMB/SHA/001,HIS/SNG/001,63,59
HAR,Ambala,T2,Hisar,T2,AMB/SHA/001,HIS/SNG/001,61,57
HAR,Ambala,T2,Jalandhar,T2,AMB/SHA/001,JLD/FCP/010,25,23
HAR,Ambala,T2,Meerut,T2,AMB/SHA/001,MRT/GNG/010,0,0
HAR,Ambala,T2,Mohali,T2,AMB/SHA/001,MOH/C25/001,204,189
HAR,Ambala,T2,Mohali,T2,AMB/SHA/001,MOH/C25/001,159,147
WB,Asansol,T2,Siliguri,T2,ASL/UGM/007,SIL/NJB/037,110,104
WB,Asansol,T2,Siliguri,T2,ASL/UGM/007,SIL/NJB/037,150,127
WB,Asansol,T2,Behrampur-WB,T2,ASL/UGM/007,BMP/NMT/010,35,34
WB,Asansol,T2,Behrampur-WB,T2,ASL/UGM/007,BMP/NMT/010,3,3
BHJH,Bhagalpur,T2,Patna,T2,BHA/NHN/013,PTN/PIA/081,455,431
BHJH,Bhagalpur,T2,Patna,T2,BHA/NHN/013,PTN/PIA/081,500,468
BHJH,Bhagalpur,T2,Ranchi,T2,BHA/NHN/013,RCH/NHB/040 ,222,208
BHJH,Bhagalpur,T2,Ranchi,T2,BHA/NHN/013,RCH/NHB/040 ,210,197
BHJH,Bhagalpur,T2,Siliguri,T2,BHA/NHN/013,SIL/NJB/037,3,2
WB,Behrampur-WB,T2,Siliguri,T2,BMP/NMT/010,SIL/NJB/037,166,155
WB,Behrampur-WB,T2,Siliguri,T2,BMP/NMT/010,SIL/NJB/037,155,130
ORR,Bhuvaneswar,T2,Sambalpur,T2,BWR/CIE/058,SAM/ATP/005,242,227
ORR,Bhuvaneswar,T2,Sambalpur,T2,BWR/CIE/058,SAM/ATP/005,160,148
GUJ,Ahmedabad(Changodhar),T2,Rajkot,T2,CGR/RDM/001,RKT/NRT/030,388,366
GUJ,Ahmedabad(Changodhar),T2,Rajkot,T2,CGR/RDM/001,RKT/NRT/030,263,246
GUJ,Ahmedabad(Changodhar),T2,Surat,T2,CGR/RDM/001,SUR/UNR/901,327,312
GUJ,Ahmedabad(Changodhar),T2,Surat,T2,CGR/RDM/001,SUR/UNR/901,272,258
GUJ,Ahmedabad(Changodhar),T2,Surat(Old),T2,CGR/RDM/001,SUR/SIL/008,4,3
GUJ,Ahmedabad(Changodhar),T2,Udaipur,T2,CGR/RDM/001,UPR/MIA/015,0,0
KL,Calicut,T2,Cochin,T2,CLT/NEC/013,ENK/SAR/001,444,418
KL,Calicut,T2,Cochin,T2,CLT/NEC/013,ENK/SAR/001,194,182
KL,Calicut,T2,Pollachi,T2,CLT/NEC/013,PLC/RIP/004,297,284
KL,Calicut,T2,Pollachi,T2,CLT/NEC/013,PLC/RIP/004,257,241
KL,Cochin,T2,Pollachi,T2,ENK/SAR/001,PLC/RIP/004,84,79
KL,Cochin,T2,Pollachi,T2,ENK/SAR/001,PLC/RIP/004,79,74
NESA,Guwahati,T2,Shillong,T2,GHT/GSR/001,SHI/LTM/035,143,137
NESA,Guwahati,T2,Shillong,T2,GHT/GSR/001,SHI/LTM/035,0,0
NESA,Guwahati,T2,Siliguri,T2,GHT/GSR/001,SIL/NJB/037,2,2
NESA,Guwahati,T2,Jorhat,T2,GHT/GSR/001,JHT/MBJ/013,311,295
NESA,Guwahati,T2,Jorhat,T2,GHT/GSR/001,JHT/MBJ/013,379,359
UPE,Gorakhpur,T2,Lucknow,T2,GKP/OTN/003,LCK/VKH/028,37,35
UPE,Gorakhpur,T2,Lucknow,T2,GKP/OTN/003,LCK/VKH/028,140,134
UPE,Gorakhpur,T2,Varanasi,T2,GKP/OTN/003,BRS/TVS/026,295,279
UPE,Gorakhpur,T2,Varanasi,T2,GKP/OTN/003,BRS/TVS/026,278,263
UPE,Gangaganj,T2,Gorakhpur,T2,GNJ/MDF/001 ,GKP/OTN/003,344,318
UPE,Gangaganj,T2,Gorakhpur,T2,GNJ/MDF/001 ,GKP/OTN/003,326,305
UPE,Gangaganj,T2,Lucknow,T2,GNJ/MDF/001 ,LCK/VKH/028,339,314
UPE,Gangaganj,T2,Lucknow,T2,GNJ/MDF/001 ,LCK/VKH/028,279,261
UPE,Gangaganj,T2,Varanasi,T2,GNJ/MDF/001 ,BRS/TVS/026,315,287
UPE,Gangaganj,T2,Varanasi,T2,GNJ/MDF/001 ,BRS/TVS/026,363,339
KK,Hubli,T2,Mangalore,T2,HBL/DJB/001,MRG/BIA/013,94,88
KK,Hubli,T2,Kolhapur,T2,HBL/DJB/001,KPR/NGC/012,2,2
KK,Hubli,T2,Mangalore,T2,HBL/DJB/001,MRG/BIA/013,158,150
HAR,Hisar,T2,Mohali,T2,HIS/SNG/001,MOH/C25/001,168,153
HAR,Hisar,T2,Mohali,T2,HIS/SNG/001,MOH/C25/001,168,155
MPCG,Jabalpur,T2,Raipur,T2,JBL/VIJ/001,RAI/TBD/001,180,167
MPCG,Jabalpur,T2,Raipur,T2,JBL/VIJ/001,RAI/TBD/001,102,95
MPCG,Jabalpur,T2,SATNA,T2,JBL/VIJ/001,STN/JNR/008,135,125
MPCG,Jabalpur,T2,SATNA,T2,JBL/VIJ/001,STN/JNR/008,57,52
NESA,Jorhat,T2,Shillong,T2,JHT/MBJ/013,SHI/LTM/035,22,21
PB,Jalandhar,T2,Mohali,T2,JLD/FCP/010,MOH/C25/001,120,111
PB,Jalandhar,T2,Ludhiana,T2,JLD/FCP/010,LDN/FPA/013,133,124
PB,Jalandhar,T2,Ludhiana,T2,JLD/FCP/010,LDN/FPA/013,235,214
PB,Jalandhar,T2,Mohali,T2,JLD/FCP/010,MOH/C25/001,110,101
JK,Jammu,T2,Mohali,T2,JMU/PRA/001,MOH/C25/001,129,97
JK,Jammu,T2,Mohali,T2,JMU/PRA/001,MOH/C25/001,61,56
JK,Jammu,T2,SRINAGAR,T2,JMU/PRA/001,SIG/MAR/001,114,104
JK,Jammu,T2,SRINAGAR,T2,JMU/PRA/001,SIG/MAR/001,55,50
JK,Jammu,T2,Jalandhar,T2,JMU/PRA/001,JLD/FCP/010,0,0
RAJ,Jodhpur,T2,Udaipur,T2,JOD/BIA/007,UPR/MIA/015,245,229
RAJ,Jodhpur,T2,Udaipur,T2,JOD/BIA/007,UPR/MIA/015,216,197
RAJ,Jaipur,T2,AGRA,T2,JPR/VIA/049,AGR/DCY/019,1,1
RAJ,Jaipur,T2,Udaipur,T2,JPR/VIA/049,UPR/MIA/015,291,263
RAJ,Jaipur,T2,Udaipur,T2,JPR/VIA/049,UPR/MIA/015,227,208
RAJ,Jaipur,T2,Jodhpur,T2,JPR/VIA/049,JOD/BIA/007,480,455
RAJ,Jaipur,T2,Jodhpur,T2,JPR/VIA/049,JOD/BIA/007,332,299
MH,Kolhapur,T2,Nagpur,T2,KPR/NGC/012,NGP/CSQ/130,52,49
MH,Kolhapur,T2,NANDEDT2,T2,KPR/NGC/012,NND/HTN/002,18,17
MH,Kolhapur,T2,NANDEDT2,T2,KPR/NGC/012,NND/HTN/002,5,5
MH,Kolhapur,T2,Pune Epark,T2,KPR/NGC/012,PUN/EPK/059,251,237
MH,Kolhapur,T2,Pune Epark,T2,KPR/NGC/012,PUN/EPK/059,172,159
MH,Kolhapur,T2,Nagpur,T2,KPR/NGC/012,NGP/CSQ/130,87,82
UPE,Lucknow,T2,Varanasi,T2,LCK/VKH/028,BRS/TVS/026,238,225
UPE,Lucknow,T2,Varanasi,T2,LCK/VKH/028,BRS/TVS/026,180,169
PB,Ludhiana,T2,Mohali,T2,LDN/FPA/013,MOH/C25/001,689,640
PB,Ludhiana,T2,Mohali,T2,LDN/FPA/013,MOH/C25/001,461,426
TN,Madurai,T2,TRICHY,T2,MAD/DSP/001,TCY/BRD/001,1,1
TN,Madurai,T2,Pollachi,T2,MAD/DSP/001,PLC/RIP/004,246,222
TN,Madurai,T2,Pollachi,T2,MAD/DSP/001,PLC/RIP/004,177,165
TN,Madurai,T2,Salem,T2,MAD/DSP/001,SLM/SIV/006,15,14
TN,Madurai,T2,Salem,T2,MAD/DSP/001,SLM/SIV/006,15,14
TN,Madurai,T2,TRICHY,T2,MAD/DSP/001,TCY/BRD/001,26,24
UPW,Meerut,T2,Meerut,T2,MRT/GNG/010,MRT/GNG/010,6,6
UPW,Meerut,T2,Moradabad,T2,MRT/GNG/010,MBD/MHD/042,358,334
UPW,Meerut,T2,Moradabad,T2,MRT/GNG/010,MBD/MHD/042,316,293
MH,Nagpur,T2,NANDEDT2,T2,NGP/CSQ/130,NND/HTN/002,113,106
MH,Nagpur,T2,NANDEDT2,T2,NGP/CSQ/130,NND/HTN/002,137,129
MH,Nagpur,T2,Pune Epark,T2,NGP/CSQ/130,PUN/EPK/059,392,372
MH,Nagpur,T2,Jabalpur,T2,NGP/CSQ/130,JBL/VIJ/001,0,0
MH,Nagpur,T2,Pune Epark,T2,NGP/CSQ/130,PUN/EPK/059,340,321
MH,NANDEDT2,T2,Pune Epark,T2,NND/HTN/002,PUN/EPK/059,386,361
MH,NANDEDT2,T2,Pune Epark,T2,NND/HTN/002,PUN/EPK/059,269,253
AP,Prodattur,T2,Vijaywada,T2,PDR/PDR/004,VJW/NMU/040,165,154
AP,Prodattur,T2,Vijaywada,T2,PDR/PDR/004,VJW/NMU/040,194,184
TN,Pollachi,T2,Salem,T2,PLC/RIP/004,SLM/SIV/006,154,145
TN,Pollachi,T2,Salem,T2,PLC/RIP/004,SLM/SIV/006,72,68
TN,Pollachi,T2,TRICHY,T2,PLC/RIP/004,TCY/BRD/001,78,73
TN,Pollachi,T2,TRICHY,T2,PLC/RIP/004,TCY/BRD/001,213,201
BHJH,Patna,T2,Varanasi,T2,PTN/PIA/081,BRS/TVS/026,13,11
BHJH,Patna,T2,Ranchi,T2,PTN/PIA/081,RCH/NHB/040 ,374,361
BHJH,Patna,T2,Ranchi,T2,PTN/PIA/081,RCH/NHB/040 ,434,404
MH,Pune Epark,T2,Pune_vega(Old),T2,PUN/EPK/059,PUN/SGT/045,0,0
MH,Pune Epark,T2,Pune(Espace),T2,PUN/EPK/059,PUN/ESP/047,158,149
MH,Pune Epark,T2,Pune(Espace),T2,PUN/EPK/059,PUN/ESP/047,111,104
MH,Pune(Espace),T2,Pune_vega(Old),T2,PUN/ESP/047,PUN/SGT/045,0,0
MPCG,Raipur,T2,Sambalpur,T2,RAI/TBD/001,SAM/ATP/005,0,0
MPCG,Raipur,T2,SATNA,T2,RAI/TBD/001,STN/JNR/008,14,14
MPCG,Raipur,T2,SATNA,T2,RAI/TBD/001,STN/JNR/008,21,19
BHJH,Ranchi,T2,Ranchi,T2,RCH/NHB/040 ,RCH/NHB/040 ,97,94
BHJH,Ranchi,T2,Ranchi,T2,RCH/NHB/040 ,RCH/NHB/040 ,84,81
BHJH,Ranchi,T2,Sambalpur,T2,RCH/NHB/040 ,SAM/ATP/005,0,0
GUJ,Rajkot,T2,Surat,T2,RKT/NRT/030,SUR/UNR/901,193,179
GUJ,Rajkot,T2,Surat,T2,RKT/NRT/030,SUR/UNR/901,181,165
JK,SRINAGAR,T2,Mohali,T2,SIG/MAR/001,MOH/C25/001,183,167
JK,SRINAGAR,T2,Mohali,T2,SIG/MAR/001,MOH/C25/001,219,165
HPHP,Shimla,T2,Mohali,T2,SIM/PAN/004,MOH/C25/001,185,171
HPHP,Shimla,T2,Mohali,T2,SIM/PAN/004,MOH/C25/001,298,271
TN,Salem,T2,TRICHY,T2,SLM/SIV/006,TCY/BRD/001,46,44
TN,Salem,T2,TRICHY,T2,SLM/SIV/006,TCY/BRD/001,0,0
MPCG,SATNA,T2,Lucknow,T2,STN/JNR/008,LCK/VKH/028,0,0
GUJ,Surat,T2,Surat(Old),T2,SUR/UNR/901,SUR/SIL/008,8,7
GUJ,Surat,T2,Surat(Old),T2,SUR/UNR/901,SUR/SIL/008,0,0
AP,Vijaywada,T2,Bhuvaneswar,T2,VJW/NMU/040,BWR/CIE/058,0,0
KK,Bangalore Hosur Road,T1,Bangalore WFD,T1,BGL/LSU/901,BGL/WFD/049,563,535
KK,Bangalore Hosur Road,T1,Bangalore WFD,T1,BGL/LSU/901,BGL/WFD/049,658,624
KK,Bangalore Hosur Road,T1,Chennai Serisuri-2,T1,BGL/LSU/901,CHN/SE2/068,40,26
KK,Bangalore Hosur Road,T1,Kharagpur (NEW),T1,BGL/LSU/901,KHP/JKP/023,4,3
KK,Bangalore Hosur Road,T1,Mumbai-Spectrum,T1,BGL/LSU/901,MUM/SPC/901,24,22
KK,Bangalore Hosur Road,T1,Noida,T1,BGL/LSU/901,NOD/S57/042,16,14
KK,Bangalore WFD,T1,Bangalore YMCA,T1,BGL/WFD/049,BGL/YMC/001,71,67
KK,Bangalore WFD,T1,Bangalore YMCA,T1,BGL/WFD/049,BGL/YMC/001,130,123
KK,Bangalore WFD,T1,Bhopal(GP),T1,BGL/WFD/049,BPL/GPR/017,0,0
KK,Bangalore WFD,T1,Bhopal(GP),T1,BGL/WFD/049,BPL/GPR/017,1,1
KK,Bangalore WFD,T1,Chennai Santhome,T1,BGL/WFD/049,CHN/FOR/001,0,0
KK,Bangalore WFD,T1,Chennai Santhome,T1,BGL/WFD/049,CHN/FOR/001,43,41
KK,Bangalore WFD,T1,Kolkata,T1,BGL/WFD/049,KOL/AOE/065,5,5
KK,Bangalore WFD,T1,Kolkata,T1,BGL/WFD/049,KOL/AOE/065,5,4
KK,Bangalore WFD,T1,Manesar,T1,BGL/WFD/049,MAS/OMU/002,9,9
KK,Bangalore WFD,T1,Manesar,T1,BGL/WFD/049,MAS/OMU/002,10,9
KK,Bangalore WFD,T1,Mumbai Chandivali,T1,BGL/WFD/049,MUM/CDV/237,38,35
KK,Bangalore WFD,T1,Mumbai Chandivali,T1,BGL/WFD/049,MUM/CDV/237,38,37
MPCG,Bhopal(GP),T1,Chennai Santhome,T1,BPL/GPR/017,CHN/FOR/001,1,1
MPCG,Bhopal(GP),T1,Chennai Santhome,T1,BPL/GPR/017,CHN/FOR/001,2,1
MPCG,Bhopal(GP),T1,Kolkata,T1,BPL/GPR/017,KOL/AOE/065,15,14
MPCG,Bhopal(GP),T1,Kolkata,T1,BPL/GPR/017,KOL/AOE/065,6,6
MPCG,Bhopal(GP),T1,Manesar,T1,BPL/GPR/017,MAS/OMU/002,23,21
MPCG,Bhopal(GP),T1,Manesar,T1,BPL/GPR/017,MAS/OMU/002,43,42
TN,Chennai Santhome,T1,Chennai Serisuri-2,T1,CHN/FOR/001,CHN/SE2/068,57,44
TN,Chennai Santhome,T1,Chennai Serisuri-2,T1,CHN/FOR/001,CHN/SE2/068,39,35
TN,Chennai Santhome,T1,Chennai Serisuri,T1,CHN/FOR/001,CHN/SSE/036,128,120
TN,Chennai Santhome,T1,Chennai Serisuri,T1,CHN/FOR/001,CHN/SSE/036,86,82
TN,Chennai Santhome,T1,Kolkata,T1,CHN/FOR/001,KOL/AOE/065,14,14
TN,Chennai Santhome,T1,Kolkata,T1,CHN/FOR/001,KOL/AOE/065,4,3
TN,Chennai Serisuri-2,T1,Kharagpur (NEW),T1,CHN/SE2/068,KHP/JKP/023,66,51
TN,Chennai Serisuri-2,T1,Noida,T1,CHN/SE2/068,NOD/S57/042,5,5
TN,Chennai Serisuri,T1,Chennai Serisuri-2,T1,CHN/SSE/036,CHN/SE2/068,327,310
TN,Chennai Serisuri,T1,Chennai Serisuri-2,T1,CHN/SSE/036,CHN/SE2/068,326,299
TN,Chennai Serisuri,T1,Kharagpur (NEW),T1,CHN/SSE/036,KHP/JKP/023,4,4
TN,Chennai Serisuri,T1,Kharagpur (NEW),T1,CHN/SSE/036,KHP/JKP/023,3,3
AP,Hyderabad Hitech,T1,Bangalore Hosur Road,T1,HYD/OHA/090,BGL/LSU/901,33,31
AP,Hyderabad Hitech,T1,Chennai Serisuri,T1,HYD/OHA/090,CHN/SSE/036,13,13
AP,Hyderabad Hitech,T1,HYDERABAD UPPAL,T1,HYD/OHA/090,HYD/UPL/121,124,120
AP,Hyderabad Hitech,T1,HYDERABAD UPPAL,T1,HYD/OHA/090,HYD/UPL/121,53,51
AP,Hyderabad Hitech,T1,Kharagpur (NEW),T1,HYD/OHA/090,KHP/JKP/023,2,2
AP,Hyderabad Hitech,T1,Kharagpur (NEW),T1,HYD/OHA/090,KHP/JKP/023,3,3
AP,Hyderabad Hitech,T1,Mumbai-Spectrum,T1,HYD/OHA/090,MUM/SPC/901,9,8
AP,Hyderabad Hitech,T1,Noida,T1,HYD/OHA/090,NOD/S57/042,3,3
AP,Hyderabad Hitech,T1,Noida,T1,HYD/OHA/090,NOD/S57/042,5,4
AP,HYDERABAD UPPAL,T1,Bangalore WFD,T1,HYD/UPL/121,BGL/WFD/049,56,51
AP,HYDERABAD UPPAL,T1,Bangalore WFD,T1,HYD/UPL/121,BGL/WFD/049,56,51
AP,HYDERABAD UPPAL,T1,Bhopal(GP),T1,HYD/UPL/121,BPL/GPR/017,2,2
AP,HYDERABAD UPPAL,T1,Bhopal(GP),T1,HYD/UPL/121,BPL/GPR/017,1,0
AP,HYDERABAD UPPAL,T1,Chennai Santhome,T1,HYD/UPL/121,CHN/FOR/001,55,52
AP,HYDERABAD UPPAL,T1,Chennai Santhome,T1,HYD/UPL/121,CHN/FOR/001,31,28
AP,HYDERABAD UPPAL,T1,Kolkata,T1,HYD/UPL/121,KOL/AOE/065,20,19
AP,HYDERABAD UPPAL,T1,Kolkata,T1,HYD/UPL/121,KOL/AOE/065,2,2
AP,HYDERABAD UPPAL,T1,Manesar,T1,HYD/UPL/121,MAS/OMU/002,6,5
AP,HYDERABAD UPPAL,T1,Manesar,T1,HYD/UPL/121,MAS/OMU/002,3,3
AP,HYDERABAD UPPAL,T1,Mumbai Chandivali,T1,HYD/UPL/121,MUM/CDV/237,73,70
AP,HYDERABAD UPPAL,T1,Mumbai Chandivali,T1,HYD/UPL/121,MUM/CDV/237,52,48
WB,Kharagpur (NEW),T1,Kolkata,T1,KHP/JKP/023,KOL/AOE/065,98,92
WB,Kharagpur (NEW),T1,Kolkata,T1,KHP/JKP/023,KOL/AOE/065,218,207
WB,Kharagpur (NEW),T1,Kolkata,T1,KHP/JKP/023,KOL/EPB/044,151,144
WB,Kolkata,T1,Kolkata,T1,KOL/AOE/065,KOL/EPB/044,36,34
WB,Kolkata,T1,Kolkata,T1,KOL/AOE/065,KOL/EPB/044,36,34
WB,Kolkata,T1,Kolkata,T1,KOL/AOE/065,KOL/EPB/044,38,36
WB,Kolkata,T1,Kolkata,T1,KOL/AOE/065,KOL/EPB/044,34,32
NCR,Manesar,T1,Bhopal(GP),T1,MAS/OMU/002,BPL/GPR/017,43,41
NCR,Manesar,T1,Chennai Santhome,T1,MAS/OMU/002,CHN/FOR/001,6,6
NCR,Manesar,T1,Chennai Santhome,T1,MAS/OMU/002,CHN/FOR/001,8,8
NCR,Manesar,T1,Kolkata,T1,MAS/OMU/002,KOL/AOE/065,16,15
NCR,Manesar,T1,Kolkata,T1,MAS/OMU/002,KOL/AOE/065,22,21
NCR,Manesar,T1,Kolkata,T1,MAS/OMU/002,KOL/EPB/044,16,15
NCR,Manesar,T1,Kolkata,T1,MAS/OMU/002,KOL/EPB/044,10,9
NCR,Manesar,T1,Noida,T1,MAS/OMU/002,NOD/S57/042,89,82
NCR,Manesar,T1,Noida,T1,MAS/OMU/002,NOD/S57/042,62,58
MH,Mumbai Chandivali,T1,Bhopal(GP),T1,MUM/CDV/237,BPL/GPR/017,60,56
MH,Mumbai Chandivali,T1,Bhopal(GP),T1,MUM/CDV/237,BPL/GPR/017,25,24
MH,Mumbai Chandivali,T1,Chennai Santhome,T1,MUM/CDV/237,CHN/FOR/001,0,0
MH,Mumbai Chandivali,T1,Chennai Santhome,T1,MUM/CDV/237,CHN/FOR/001,25,22
MH,Mumbai Chandivali,T1,Chennai Santhome,T1,MUM/CDV/237,CHN/FOR/001,19,15
MH,Mumbai Chandivali,T1,Kolkata,T1,MUM/CDV/237,KOL/AOE/065,56,54
MH,Mumbai Chandivali,T1,Kolkata,T1,MUM/CDV/237,KOL/AOE/065,58,53
MH,Mumbai Chandivali,T1,Manesar,T1,MUM/CDV/237,MAS/OMU/002,51,47
MH,Mumbai Chandivali,T1,Manesar,T1,MUM/CDV/237,MAS/OMU/002,35,24
MH,Mumbai Chandivali,T1,Mumbai-Spectrum,T1,MUM/CDV/237,MUM/SPC/901,30,28
MH,Mumbai Chandivali,T1,Mumbai-Spectrum,T1,MUM/CDV/237,MUM/SPC/901,29,28
MH,Mumbai-Spectrum,T1,Chennai Serisuri-2,T1,MUM/SPC/901,CHN/SE2/068,7,7
MH,Mumbai-Spectrum,T1,Kharagpur (NEW),T1,MUM/SPC/901,KHP/JKP/023,38,37
MH,Mumbai-Spectrum,T1,Noida,T1,MUM/SPC/901,NOD/S57/042,27,25
NCR,Delhi,T1,Manesar,T1,NDL/OKH/004,MAS/OMU/002,65,61
NCR,Noida,T1,Kharagpur (NEW),T1,NOD/S57/042,KHP/JKP/023,34,29
NCR,Noida,T1,Kharagpur (NEW),T1,NOD/S57/042,KHP/JKP/023,80,77
